entertainment	White Money Big Brother: Whitemoney amaburula N90m n'egwuregwu Big Brother Naija 2021	White Money nke pụtara 'ego ọcha' n'asụsụ Igbo emeriela asọmpị Big Brother nke afọ 2021. Nke a pụtara na ọ ga-eji ego ruru nde iri itoolu, ụgbọala nakwa onyinyi ne ihe nrite ndị ọzọ laa bee ya. Asọmpị a bụkwa emume malitere kemgbe ọnwa Jụlai bịara na njedebe n'abalị ụbọchị atọ nke ọnwa Ọktoba. - Ezi aha ya bụ Hazel Onyeze Onou - Ọ bụ onye Enugwu steeti - A mụrụ ya n'ọnwa Jụlaị afọ 1992 - Ọ bụ onye mmeri eguregwu Big Brother nke isii Ihe ndị e ji mara ya gụnyere: ịkpụ isi, ịti egwu, ise foto na ịdozi ịgwe ọkụ Emume Big Brother Naija nke afọ 2021 malitere n'abalị Satọdee, ụbọchị iri abụọ na anọ nke Julaị. Ha dị mmadụ iri na otu nọ n'ụlọ Big Brother nke afọ a, n'ime ha, mmadụ abụọ bụ ndị Igbo. Aha mmadụ abụọ a bụ Hazel Oyeze Onou (White Money) onye Enugwu steeti, na Ikechukwu Sunday Okonkwo (Cross) onye Anambara. Lee ụfọdụ ndị so n'egwuregwu Big Brother Naija 2021 White Money Ezigbo aha ya bụ Hazel Oyeze Onou White Money bụ otu n'ime ụmụ afọ Igbo abụọ so n'emume Big Brother Naija nke afọ a. Ọ bụ Enugwu Steeti ka o si, mana o bi na Legọs. Ọ dị afọ iri abụọ na itoolu (29). Aha a bụ 'White Money' pụtara ego ọcha n'asụsụ Igbo, mana ọ bụ okwu bekee nke pụtara ego mmadụ kpatara n'ụzọ ziri ezi. Nwa amadị a kọwara onwe ya dịka onye o ji ego achụ ego. Ọ na-azụ ahịa akpụkpọ ụkwụ bụ nke ọ na-esi mba ofesi atụbata na Naịjirịa. Ihe mere aha ya ji ewu Ikechukwu Sunday Okonkwo Nwa amadị a dị afọ iri atọ bụ onye oji ego achụ ego nke bekee na-akpọ 'entrepreneur'. Ọ bụ ya bụ onye Igbo nke abụọ nọ n'ụlọ Big Brother Naija 2021, mana o bi na Legọs. Ihe na-amasị ya bụ ikiri ejije, ime njem na ịga ụlọ egwu (clubbing). Ọ kọwara onwe ya dịka onye nwere ezigbo obi, n'agbanyeghị na ụfọdụ na-ahụta ya dịka ajọ mmadụ. Pere Egbi Ọ bụ nwa afọ Delta steeti, a mụrụ ya na Warri. Pere bụ nọọsụ a zụrụ nke ọma, ma rụkwaa ọrụ n'otu ndị agha nke mba Amerịka ihe ruru afọ isii. Ugbua, ọ bụ onye na-eme ejije nakwa 'model'. Ọ dị afọ iri atọ na ise (35). Yousef Garba Yousef bụbu onye nkuzi ụlọakwụkwọ Sekọndịrị ma bụrụkwa 'model' Ọ bụ onye Jos, Plateau Steeti mana otu n'ime nne ya maọbụ nna ya abụghị onye Naịjirịa. Nri na-amasị nwa amadị a, mana ọ hụkwara ịgụ akwụkwọ, ịrị ugwu, ime njem nakwa egwuregwu 'sports' n'anya. Boma Akpore Ọ dị afọ iri atọ na anọ ma bụrụkwa onye gbaburu bọọlụ mechaa kwụsị. Boma kwuru na ya kwụsịrị mahdaum oge ọ nọ n'afọ nke ikpeazụ n'ihi na ego adịghị, mana o mechara gbaa mbọ nweta ego o jiri gaa ụlọakwụkwọ na-enye ọzụzụ maka ejije. Nwa amadi a alụbuola nwaanyị mana ọ dabaghịrị ya na nwunye ya ha wee gbasaa. Ọ na-eme ihe ejije, ma bụrụkwa onye na-arụ ọrụ ebe a na-ere mmanya (bartender). Adeniyi Lawai Lawai, nwa afọ Oyo steeti alụọla nwaanyị ma mụta otu nwa. Ọ dị afọ iri atọ na atọ (33), bụrụkwa onye nwetara ọzụzụ dịka 'computer engineer'. Ihe na-amasị ya bụ egwuregwu bọọlụ nkata, isi nri, iri nri, ide ihe, nakwa ịtụ okwe. Paul Ephraim Ihe e ji mara ya bụ JayPaul, ọ bụ onye oti egwu bi na Legọs. Ọ dị afọ iri abụọ na itoolu (29); ihe na-amasị ya bụ imepụta egwu, ime ejije, ịgba egwu na isi nri. JayPaul kwuru na nne ya na ụmụnne ya nwaanyị abụọ bụ ihe kacha enye ya obi ụtọ, n'ihi na nna ya alaala mmụọ. Ọ kọwara onwe ya dịka onye nwere obi sarị sarị nakwa onye na-enwe obi nchekwube oge niile. Samuel Jacob Alifa Sammie ka bụ nwa akwụkwọ na mahadum Ahmadu Bello University dị na Zaria, Kaduna steeti. Ọ bụ onye na-emepụta ihe ejije nke bekee kpọrọ 'filmmaker'. Ihe ọzọ na-amasịkwa nwa amadị a dị afọ iri abụọ na isii (26) bụ ịkọ akụkọ, ịkụ bọọlụ nkata, nakwa izute ndị mmadụ. N'afọ 2020, ka Sammie mepụtara ejije nke mbụ ya, mana ihe dị ya mkpa ugbua bụ iwulite akara 'Youtube' ya iji nyere ọrụ ya aka. Emmanuel Umoh Emmanuel bụ nwa afọ Akwa Ibom steeti ma bụrụkwa 'model'. Ọ bụ ya bụ onye Naịjirịa mbụ meriri asọmpi 'Mister Africa'. Ọ dị afọ iri abụọ na anọ; o nwekwara ụlọ mmegharị ahụ (fitness centre) na Port Harcourt ebe o bi. Yerimene Abraham Saibakumo Nwa amadia e ji Yerins mara bụ dọkịta nwetara ọzụzụ na mba Ukraine. Ọ dị afọ iri abụọ na asaa ugbua, ihe na-amasịkwa ya bụ ịtụ okwe 'chess', ige egwu, iti egwu, nakwa ise ihe. Ọ kọwara onwe ya dịka onye na-achọ ịmata ihe nakwa onye na-ekepụta ihe ọhụrụ. Adeoluwa Okusaga Saga bụ onye Legọs steeti, ọ dị afọ iri abụọ na asatọ. Ọ na-arụ n'ụlọọrụ mmepụta mmanụ agbịdị n'elu osimiri (offshore). Ịgba egwu, ịgụ egwu, ise ihe, nakwa ịmegharị ahụ bụ ụfọdụ ihe ka amasị ya. O kwuru na ihe karala wute ya na ndụ a bụ oge nne ya - onye ọ kọwara dịka ezigbo enyi ya - lara mmụọ.	https://www.bbc.com/igbo/afirika-57952310
business	Ihe m ji hapụ ọrụ ‘Telecoms’  mepụtawa ‘Yogurt’ – Kingsley Mbah	Otu nwoke aha ya bụ Kingsley Chukwumerije Mbah akọwala ihe mere o ji hapụ ọrụ na-enye ya ezigbo ego wụbazie ọrụ nke ya onwe ya bụ ọrụ mmepụta mmiri ara ehi gbara ụka Bekee na-akpọ ‘Yogurt’. \nMaazị Mbah kọwara etu mkpebi ime nke a siri ghara ịdịrị ya mfe n’ihi na mgbe ahụ ọ maghị ma ya bụ atụmatụ aga amịta mkpụrụ. O kwukwara na ọrụ nke mmepụta ‘Yoghurt’ a abụrụla ezigbo ihe uru dịịrị ya na ezinaụlọ ya, ọkachasị nwunye bụ onye malitere ya bụ ọrụ kpọmkwem tupu ọ gawa mba Amerịka maka agụmakwụkwọ ya. O nyere ndị ntorobịa nwere atụmatụ imelite ọrụ nke ha ọtụtụ ndụmọdụ banyere etu ha ga-esi meri ọtụtụ ihe ndị na-echere ụlọọrụ ndị ka na-etolite etolite aka mgba na Naịjirịa. Na mkparịtaụka a Maazị Mbah na BBC Igbo nwere, o kọwakwara etu ya na nwunye ya si malite ọrụ n’ime obi ụlọ ha ma gbagide mbọ ruo ugbua nke bụ na ha e nweela ndị ọrụ ruru asaa nakwa ndị ọrụ ngo karịrị abụọ. O kọwakwara etu ha siri malite ire ngwa ahịa naanị na Legọs steeti ma mwụbaa na-erezị ya bụ ngwa ahịa na steeti Naịjriịa karịrị 14. Kirie ihe onyonyo a ka ịhụ ihe ndị Maazị Mbah na nwunye ya kwuru n’uju ebe a. Ndị mere akụkọ a bụ Makuochi Okafor na Vining Ogu.	https://www.bbc.com/igbo/articles/cp3k6y6len5o
health	Coronavirus: Akụkọ ụgha gbasara nje a i kwesiri ịgbachi nkịtị	"Coronavirus na-efesa mba ụwa niile mana o nwebeghi ọgwụgwọ ewepụtara maka ya. N'agbanyeghị nke a, ndị aghụghọ amalitela ịwepụta akụkọ ndị abụghị eziokwu gbasara ọgwụgwọ ya. Anyị elebaala anya n'ụfọdụ ụdịrị akụkọ ụgha a nakwa nke bụ eziokwu na ya. Ụfọdụ mmadụ ekwuola na ị ri Garlic ga-enye aka n'igbochi ọrịa a. Mana ngalaba na-ahụ maka ahụike mbaụwa niile bụ ""World Health Organisation"" (WHO) n'aha ịchafụ ekwuola na o nweghi ihe akaebe gosiri na Garlic na-agwọ ọrịa ahụ. Otu ụlọ ntaakụkọ na Chaịna biputere akụkọ otu nwaanyị gara ụlọọgwụ maka akpịrị ya n'ihi na o riri ihe ruru otu kg Garlic. O nwere akụkọ dị iche iche na-efegharị maka etu mkpomọkụ na ihe ndị dị ọkụ si egbu ọrịa ahụ. Otu n'ime ha ekesara n'ọtụtụ mba na-ekwu na ịṅụ mmiri ọkụ nakwa ịnọ n'ime anwụ na-egbu ọrịa ahụ Ha kwukwara na okwu ụgha ahụ si n'aka Unicef na-ahụ maka ọdịnma ụmụaka nke ha pụtara gọọ. Ọkammụta Bloomfield kwuru na ọ bụrụ na ịbu nje ahụ, ọ dịrị ahụ gị ịji aka ya wepu ya. ""Ọ dị mma iji mmiri ọkụ asụ akwa gị mana ọ dịghị mma ịji ya saa ahụ gị"" ka o kwukwara. Akụkọ ụgha ọzọ na-efegharị na-akọwa na ndị agbụrụ ojii, ọ kachasị n'Afrịka anaghị ebute ọrịa ahụ. Mana kemgbe akụkọ ahụ pụtara, ụfọdụ ndị ojii a ma ama ebutela ọrịa ahụ. Ha gụnyere Idris Elba na-eme ihe onyonyo, Blaise Matuidi nakwa King Paul Akpan Udoh bụ ndị ọgba bọọlụ. O nwere akụkọ ekesara na Facebook kwuru na ""otu dọkịta Japan"" kwuru na ịṅụ mmiri kwa nke iri na ise ga-asachapụ nje ọrịa ahụ bara ọṅụ. Ọkammụta Trudie Lang kwuru na o nweghi ọrị ahụ ọbụla gosiri na ị ga-ejinwu mmiri sachapụ nje n'ime ahụ gị. Nje ndị yiri Coronavirus na-abanye n'akụkụ ebe mmadụ si ekuru ume nke mere na mmiri agaghị asapụ ya. N'agbanyeghị nke a, o kwuru na mmiri ọṅụṅụ na-adị mma n'ahụ. Kemgbe ọrịa Coronavirus malitere, ọṅụ ihe ịkwọ aka bụ ""Hand Sanitizer"" arịala elu nke ukwu. Nke a mere na ọtụtụ ndị mmadụ bidoro ịdepụta ụzọ ị ga-esi mepụta ""Hand Sanitizer"" nke gị na be gị. Mana ndị ọrụ sayensị kwuru na ihe ndị a adịghị mma n'elu ahụ n'ihi na Sanitizer na-enwe ihe dị n'ime ya ga-eme ka ọ ghara ịmerụ mmadụ ahụ. Ọkammụta Bloomfield kwukwara na o kwenyeghị na ndị mmadụ nwereike ị rụpụta Santizer ga-edebe aka mmadụ ọcha n'ụlọ ha."	https://www.bbc.com/igbo/afirika-51943631
entertainment	Patrick Chuka na-eji mkpịsị odee ese ihe akọwaala etu o si malite	Patrick Chuka bụ nwaamadị na-eji mkpịsị odee ese ihe. Chuka dị afọ 20 gwara BBC Igbo na ọ bụ ya ji aka ya kuziere onwe ya etu e si eji mkpịsị odee ese ihe. Chuka bi na mba Amerịka ugbua, kwukwara na ise ihe bụ akaraka ya. O kwuru na otu ihe na-enyetu ya nsogbu n'ọrụ a, bụ ịhụ ndị ga-agba ya aka ahịa. Mana nke a egbochighi ya inye ndị ntorobia ibe ya na-eme nka ndụmọdụ, ebe ọ gwara ha ka ha gbasie mbọ ike ma na-achụsi nrọ ha ike. Gere ihe o kwuru n'uju: Ndị mere akụkọ a bụ Chiagozie Nwonwu na Chiemela Peter Mgbeahuru	https://www.bbc.com/igbo/media-54739824
health	"Coronavirus Response: ""Ihe mere coronavirus ejighị kpa ike n' Afrika ka mba ofesi "" - Esther Osemwegie"	Ọrịa coronaviru ataala isi ọtụtụ ndị dọkịnta, ndị nọọsụ na ndịọrụ ahụike ndị ọzọ. Mana akụkọ a ga-adị ka aja mbele ma ọ bụrụ na i jibeghi anya gị hụ onye o metụrụ. Esther Osemwegie, onye na-arụ ọrụ dịka nọọsụ n'obodo oyibo kọro, BBC Igbo ihe o jirila anya ya hụ. O kwuru na ịgwọ ndị coronavirus dị ka onye agha nọ n'ọgbọ ọgụm o nwere ike ịnwụ n'oge ọbụla. Ihe niile a ọ gabigara mere o ji dee akwụkwọ nke o kwuru na ọ chọrọ iji kụzie ọtụtụ ihe ma dọkwaa ndị mmadụ aka na ntị. Ndị mere akụkọ a Uche Akolisa	https://www.bbc.com/igbo/afirika-55455496
business	Second-hand cars: Ntụbata ụgbọala anyarala anya ga-emebi ahia anyị' - Innoson	Ụgbọala anyarala anya bụ ezigbo ahịa na-aga ahịa na Naịjirịa nakwa gburugburu Africa. Mba China dịka ha tetere n'ụra ọhụrụ wee sị ka ha soro mịta nnukwu akụ na ụba si na ya bụ ahịa apụta nke mere ka ha malite ịtụbata ụgbọala anyarala anya na mba Africa, Asia nakwa Europe. Ngụkọ pụrụiche na-egosi na nani ụgbọala anyarala anya melitere n'ogo pasenti iri asatọ (80%) ego si na azụmahia ụgbọala pụta na Naịjiịa n'afọ 2016. Ụfọdụ ụmụ Naịjirịa na-ekwu na atumaatụ a ga-amagbu onwe ya mana otu onye Igbo bụ naanị ụlọọru ya na-emepụta ụgbọala na-ekwu na ya bụ atụmaatu ga-emebiri ya ahịa. Mana o kwuru na onweghị onye Naịjirịa ụta dịrị makana ego ụgbọala anyarala anya dị ọnụ ala. Innoson kwuru na ọ bụrụ na onye na-emepụta ụgbọala na Naịjirịa ezi nkwado, ụgbọala ọhụrụ ga-eruteli onye ọbụla aka makana etu ihe si dị na Naịjịria ugbua anaghị enyecha ndị mmepụta ihe ohere irite uru dịrị ha. Mbọ niile BBC Igbo gbara ịnụta n'ọnụ Garba Shehu bụ ọnụ na-ekwuru gọọmenti n'ekwenti kpụrụ n'ala. Akụkọ ndị ga-amasị gị:	https://www.bbc.com/igbo/afirika-49177629
sports	Egbe ntụ Arsenal ji bịa ọgụ anyụọla ka ọkụ na be Man Utd	Manchester United agbanyụọla ọkụ mmeri Arsenal dịka ha ji ọkpụ goolu atọ a satara naanị otu merie ha. Man Utd nabatara Arsenal bụ ndị nọ n'elu tebulu Premier League na be ha n'Old Trafford, mana ha emezighi ha ọfụma ka ndị ọbịa dịka ha mere ha echeta ebewe. Antony dos Santos ka batara Man Utd ọhụrụ n'izu a bu ụzọ meere Arsenal ọjị site na goolu mbụ o nyere na nkeji 35  bọọlụ ji malite. Bukayo Saka nke Arsenal sara ha site n'ịgbanye goolu nke ya na nkeji 60. Rashford mezuru ya goolu abụọ na nkeji 66 ma jiri goolu nke atọ o nyere na nkeji 75 chọọ ya mma. Mmeri a mere ya nke anọ Man Utd na-emeri n'afọ bọọlụ ọhụrụ a, n'ime ugboro isii ha gbarala bọọlụ. Nke a ebugotela Man Utd n'ogogo nke ise na tebulu Premier League, ebe ha ji pọịntị 12 ugbua.	https://www.bbc.com/igbo/articles/c51xxr88z92o
entertainment	Peruzzi: Ihe jikọrọ mụ na Chioma na ihe masịrị m maka ndị Igbo	Tobechukwu Okoh Victor bụ otiegwu a ma dịka Peruzzi ekwuola etu o si bụrụ onye a ma ama n'iti egwu ugbua. Peruzzi gwara BBC Igbo ihe o che maka 'esemokwu' dị n'etiti ndị otiegwu David Adeleke (Davido) na Ayo Balogun (Wizkid). Ọ kọwakwara ihe jikọrọ ya na Chioma bụbu enyi nwaanyị Davido, bụ onye akụkọ fesara na ha abụọ yịrị tupu o zute Davido. Peruzzi kwukwara ihe o che maka ịbụ onye Igbo nakwa ihe ndị ọzọ. Gere ya n'uju ebe a Ndị mere akụkọ a bụ Chimamaka Ihenacho na Vining Ogu Akụkọ ga-amasị gị:	https://www.bbc.com/igbo/afirika-57108782
entertainment	Igbo Language: Ashawo, Iyori. Osikapa na okwu ndị ọzọ dị n'asụsụ Igbo e bitere n'asụsụ ndị ọzọ	"Asụsụ Igbo bụ asụsụ bụ otu n'ime ihe e jiri mara ndị Igbo. Ya bụ asụsụ bụ asụsụ ị ga-anụta n'ụfọdụ asụsụ maọbụ okwu ndị mpaghara ọzọ na-abụghị ndị Igbo na-asụ. Ị ga-enweta ya etua ọ kachasị na mba Jamaica. Dịka ndị Igbo na-eti aka n'obi jiri asụsụ ha eme ọnụ, ị mara na-enwere ụfọdụ okwu dị n'asụsụ Igbo ndị Igbo na-asụ bụ nke ha bitere ndị mba ọzọ. Ọkammụta n'ihe gbasara asụsụ Igbo na mahadum 'Univertsity of Lagos' bụ Chigozie Nnabuihe gbara ama n'ezie na e nwere ụfọdụ mkpụrụokwu a na-ewe dịka asụsụ Igbo mana ha bụ mkpụrụokwu e bitere ndị mba ọzọ. 1) Agboro dịka ndị Igbo sị akpọ ya bụ okwu ha bitere n'aka ndị Yoruba. Agboro bụ okwu Yoroba a na akpọ Agbero Ndị Yoroba na-akpọ 'agbero' nke pụtara onye na-achọta ndị njem. 2) Ashawo bụ mkpụrụokwu ọzọ  e bitere ebite. Okwu ahụ nke e bitere n'aka ndị Yoroba  bụ 'ashewo' n'asụsụ ha. Nnabuihe kwuru sị, "" N'asụsụ Yoroba, 'ashewo pụtara onye na-eji ahụ ya ahụ ọrụ arụta ego"". O kwuru sị, "" Ndị Igbo chọrọ ịnweta nke ha were kpọọ ya 'Akwụna Akwụna' n'ihi na ha na-akwụ n'ụzọ. 3) Osikapa bụ okwu e bitere n'aka ndị Awụsa nke bụ 'shinkafa' Nnabuihe Kwuru na osikapa bụ okwu ndị Igbo bitere n'aka ndị Awụsa. Ọ kọwara na ọ bụ ndị Igbo nọ n'Ebonyi Steeti dịka ndị Abakaliki ndị ala ha nwereike ịkọpụta osikapa dịka ala ndị Awụsa sị akọpụta. O kwuru na ndị Abakaliki bụ ndị na-akọ osikapa ma kọwaa na ndị Igbo enweghị osikapa na ndụ ọdịnala ha. O kwuru sị, "" Ọ bụ ndị Ebonyi tinyere ya 'O' na ebe enwere 'F' ha akpọọ ya P, nke pụtara 'oshikapa'. Kama ọ kọwara na ndị Igbo ndị nọ n'elu ala kpọrọ ya Osikapa. 4) Ịchafụ bụ mkpụrụokwu ndị Igbo bitere n'aka ndị Frenchi dịka nnabuihe siri kọwaa. Ịchafụ bụ mkpụrụokwu ndị Frenchị nke bụ Chiffon. 5) Iyori nti bụ okwu e bitere n'aka ndị Inglishi bụ 'Earring'. Nnabuihe kwuru sị, "" Ndị Bekee na-akpọ ya ;eatring' ,ebe ndị igbo na-akpọ ya 'Iyori ntị"". 6) Nkọm (Ngaji) bụ okwu ndị Ohafia bitere n'aka ndị Kalaba Nnabuihe kwuru na ndị Ohafia na ndị Kalaba na-eke otu oke ala. O kwuru sị, "" Ndị Ohafia na-akpọ ngaji Nkọm nke bụ okwu ha bitere n'aka ndị Ohafia. 7) Ekpe na Ekpo bụ okwu Ohafia, Abiriba,Ibeku na ebe ndị ọzọ bitere n'aka ndị Kalaba Nnabuihe kọwara na aha ndịa nke bụ otu na mmanwụ bụ aha ndị Igbo nwere ihe ndịa bitere n'okwu ndị Kalaba. 8) Ọkọn bụ ihe ọzọ ndị Ohafia na Abiriba bitere n'okwu ndị Kalaba Nnabuihe kọwara na ọ bụ emume ndị mmadụ ji eme awansị. O kwuru na ọ bụ egwu ọdịnala, ma kọwaa na ọkọn bụ okwu e bitere ndị Kalaba. Nnabuihe gara n'ihu kwuo na enwere ụfọdụ okwu ndị Igbo na ndị mba ọzọ na-akpọkọrịta kama na ọ maghị ndị bitere n'aka ibe ya. A) Ogede - Nnabuihe kwuru na dịka ụfọdụ ebe na Anambra na-akpọ Abịrịka Ogede, ma kama ndị Yoruba na-akpọ nke ha Ogede. B) Ori-  Ọ kwukwara sị, ""Dịka ụfọdụ mpaghara Igbo na-akpọ Okwọma Ori, ndị Yoruba na-akpọ kwa ya Ori"". Mana Nnabuihe kọwara ọ maghị ndị bitere okwu ndịa n'aka ibe ya."	https://www.bbc.com/igbo/61040151
politics	Aga m etinye ndụ m maka Nwosu ịbụ gọvanọ - Okorocha	Akụkọ kachasị mkpa taa: Gọvanọ Okorocha aṅụọla iyi Gọvanọ Imo Steeti bụ Rochas Okorocha e forola ntụtụ taa na ọ ga-ekwerịrị ọgọ ya nwoke bụ Uche Nwosu n'aka dịka gọvanọ ga-anọchi anya ya. OKorocha n'oge o duru Odeakwụkwọ gọọmenti Imo State bụ Mark Uchendu na dị ọzọ n'iyi ọrụ kwuru na ọ ga-etinye ndụ ya na ọbara ya iji hụ na o nyere Nwosu ọkwa ọchịchị. Ụlọomeiwu amalitela ọzọ taa ileba anya n'akwụkwọ nhazigharị ntuliaka bụ nke onyeisiala Muhammadu Buhari jụrụ ibinye aka. Onyeisioche kọmitii na-ahụ maka ntuliaka bụ Suleiman Nazif kwuru na nke a bụ maka ọ dị mma ndị Naịjirịa. Ụlọikpe mbaụwa na-ahụ maka mpụ a maala onye bụbu osote onyeisiala mba DR Congo bụ Jean-Pierre Bemba ikpe ma tụọ ya mkpọrọ otu afọ. Ụlọikpe a kwuru na o nyere ndị akaebe ngarị n'ikpe a na-ekpe maka mpụ ọ mere n'agha megide mmadụ. Otu jikọtara ndị ogbu bọọlụ na mba Ghana a machibidola ndị otu ha mmadụ isii ọzọ igbu bọọlụ ka e mechara nyocha iri ngarị. Otu ahụ machikwara ndị ọrụ asọmpi iri anọ na asaa rue ogologo afọ iri, ebe ha kagburu ebubo eboro ndị ọzọ. BBC Igbo mere njem na mpaghara ọwụwanyanwụ Naịjirịa inyocha ụfọdụ ụzọ ndị gọọmenti etiti kwuru na ha na-arụ ma hụ na onweghị ndị nọ ọrụ n' ụzọ si Owere gawa Port-Harcourt. Akụkọ anyị na-anụ ugbua bụ na aka chịburu Enugwu steeti bụ Chimaroke Nnamani, anarala akwụkwọ mmasị ịzọ ọchịchị. Ọ chọrọ ịzọ oche nnọchite Enugwu East n'ụlọomeiwu ukwu, n'okpuru otu PDP. Aka na-achị Kogi steeti bụ Yahaya Bello, akpọkuola gọomentị etiti ka ọ gbatara ndị steeti ya ọsọ enyemaka maka idemmiri na-enye ha nsogbu. O kwuru na idemmiri a metụtara ihe ruru obodo narị abụọ dị n'ime okpuru ọchịchị iri na steeti ahụ, karịrị nke ha hụrụ n'afọ 2012. Gụọ akụkọ a n'uju ebe a: Idemmiri eriela ụfọdụ obodo na Kogi steeti Oke ifufe na idemmiri ka na-enye mba Amerịka nsogbu. Ebe ọ kwụ ugbua, Ifufe Florence a ataala isi ihe ruru mmadụ iri na asaa, ebe mmiri akwụsịbeghị izo n'ụfọdụ obodo dị na Nọt Karolaịna kamgbe ụbọchị anọ gara aga. Otu atọ apụọla n'asọmpi bọọlụ nke Iko Aiteo a na-agba na Naịjirịa. Ifeanyi Ubah FC buliri iko a n'afọ 2016, Niger Tornadoes buliri ya n'afọ 2017 na Go Round FC, bụ otu ndị  a gbapụrụ n'agba mbụ nke asọmpi a.	https://www.bbc.com/igbo/afirika-45545496
health	Dexamethasone: Gịnị bụ ọgwụ a a sị nwereike ịgwọ coronavirus?	"Ndị sayensị chọpụtara na ọgwụ dexamethasone nwere ike inye aka n'ịgwọ ndị bu ọrịa coronavirus. Ndị ọkachamara na mba Briten kwuru na ọgwụ a so n'otu n'ime ọgwụ ndị a na-enyocha, e nwere olileanya na ọ ga-agwọnwu ọrịa a. Mana ọtụtụ mmadụ na-ajụ kedụ ọgwụ bụ dexamethasone na ihe mere e ji sị na o nwereike inye aka n'ịgwọ coronavirus? Otu onye ọkachamara n'ihe banyere ọgwụ ma bụrụkwa otu n'ime ndị ọkachamara n'okwu ọgwụ na West Afrịka bụ Blessing Nwagbara, kọwara ihe ọgwụ a bụ. Gịnị bụ Dexamethasone? Nwagbara sị na dexamethasone bụ otu n'ime ọgwụ ndị ụlọọrụ ahụike mbaụwa bụ World Health Organization (WHO) kpọrọ ọgwụ dị mkpa kamgbe afọ 1977. Ọ bụ ọgwụ kwesịrị ịnọ n'ụlọọgwụ maọbụ ebe niile a na-ere ọgwụ n'ụwa. O so n'ọgwụ ndị a na-akpọ 'ọzọ Igbo ndụ'. O so n'ọgwụ ndị a kpọrọ 'Corticosteriods' bụ ọgwụ ndị e ji agwọ ọrịa ahụ ọzịza dị iche iche. Ọ bụghị ọgwụ a rụpụtara ọhụrụ, ọ bụ ọgwụ dị kamgbe ọtụtụ afọ. Kedụ ọrịa e ji Dexamethasone agwọ? Ihe e ji Dexamethasone agwọ kpọmkwem bụ ọrịa ahụ ọzịza a kpọrọ 'Edema' na bekee, ọkachasị nke metụtara n'akpịrị nakwa akụkụ ndị e ji eku ume (Brochus). Nke pụtara na e ji ya agwọ ndị nwere ọrịa iku ume Asthma. E ji dexamethasone agwọ ọzịza ahụ nke metụtara ọkpụkụ azụ nakwa nke ụbụrụ. E nwerekwara ike iji ya agwọ ọzịza metụtara anya. Ụdịrị Dexamethasone ole ka e nwere? Nwagbara sị na e nwere dexamethasone dị iche iche nke gụnyere; Nke mkpụrụọgwụ (Tablets), nke a na-agba agba (Injections) nakwa nke a na-atanye n'anya (Eye drop). Ọ sị na ọgwụ a abụghị nke a na-aṅụ otu ugboro ma kwụsị ya, na tupu ị ṅụọ ya maọbụ kwụsị ya na ị ga-anata ntuziaka onye ọrụ ahụike. Gịnị mere e ji sị na o nwereike ịgwọ coronavirus? Nwagbara sị na ihe mere e ji sị na ọgwụ a nwereike inye aka n'ịgwọ coronavirus bụ maka etu o si arụ ọrụ. Dexamethasone na-akwụsị ọzịza n'akpịrị nke na-egbochi onye na-arịa asthma maọbụ ọrịa iku ume ndị ọzọ ka ọ ghara iku ume. N'otu aka ahụ ka a sị na o nwekwara ike inye aka gwọọ coronavirus bụ ọrịa iku ume, ọkachasị n'ahụ ndị o ji aka ọjọọ ji igwe (Ventilator) eku ume. ""Ọ bụrụ na dexamethasone nwere ịke ịkpọpe okpoko ikuku onye na-arịa Asthma, n'otu aka ahụ, o nwekwara ike ịkpọpe nke onye na-arịa coronavirus"". Ọghọm dị n'ịṅụ ọgwụ Dexamethasone Nwagbara kwuru; ""N'agbanyeghi na ọgwụ a juru ebe niile, ọ bụghị ya ga-eme ka mmadụ ṅụọ ya na-enweghi ntuziaka, maka ibute ọghọm"". Ọ sị na ụfọdụ ọghọm dị n'ịṅụ ọgwụ a gụnyere; Ime ka mmiri dọkọrọ mmadụ n'ahụ (Fluid retention) nke nwereike ibute aka ọzịza, ụkwụ na ikpere ọzịza. Oke agụụ ịgụ mmadụ nke mere na ọtụtụ ndị na-achọ ibu ibu na-eji aṅụkarị ya. Ndị ọzọ gụnyere ịra ahụ n'ihi ụra, ịgbọ agbọ, afọ ọsịsa, ike ọgwụgwụ nakwa isi ọwụwa. N'ikpeazụ, Nwagbara sị na ọ ga-adịkwa mma ma ọ bụrụ na gọọmentị Naịjirịa ga-enyocha ọgwụ Dexamethasone ma sị ka e were ya na-agwọ Coronavirus. Maka na ọ bụ ọgwụ dị ọnụ ala ma jukwa ebe niile, nke mkpụrụ akarịghị naịra 50 ebe nke ọgbụgba akarịghị 200 naịra."	https://www.bbc.com/igbo/afirika-53075802
politics	Nnamdi Kanu: Ihe Falana, Nwala na Ezeife kwuru maka iji mkparịtaụka udo tọhapụ Nnamdi Kanu	Okwu iji mkparịtaụka udo tọhapụ onye ndu otu 'Indigenous People of Biafra' bụ Nnamdi Kanu ka na-arị ibe ya elu. Kemgbe ndị okenye Igbo sịka Mbazulike Amaechi, Chukwuma Ezeife na ndị ọzọ gachara zute Onyeisiala Buhari maka okwu a, ọtụtụ ndị gbapụtara ihe etinyela ọnụ na ya. Ọkaiwu na-ahụ maka ikike dịịrị onye bụ Femi Falana sị na Gọọmentị Etiti kwesịrị ige ntị n'oku a ha kpọrọ maka iji ụzọ udo tọhapụ Kanu na Sunday Adeyemi a ma dịka 'Sunday Igboho'. O kwuru nke a mgbe ọ na-aza ajụjụ ndị ụlọọrụ mgbasaozi Arise TV jụrụ ya banyere njem ndị a mere. Ọ sị na ọ dị n'Iwu Naịjirịa ma bụrụkwa ikike ọkaiwu Naịjirịa bụ Abubakar Malami ịkagbu ebubo ọbụla gọọmentị boro mmadụ. Falana sị na ọ ga-ara gọọmentị ahụ igosi akaebe n'ebubo ha boro Nnamdi Kanu nke a kpọrọ 'sedition' bụ nke a kagburu n'iwu Naịjirịa n'afọ 1983. Ọ gakwara n'ihu sị na otu ịchọ nnwereonwe ha emegideghị iwu na-achị Naịjirịa n'ụzọ ọbụla. Ọ sị ọ kaara gọọmentị mma iji mkparịtaụka udo n'okwu banyere Nnamdi Kanu na Sunday Igboho. N'otu aka ahụ, onyeisi otu 'Alaigbo Development Foundation' (ADF) bụ Ọkammụta Uzodinma Nwala sịrị na ịtọhapụ Nnamdi bụ otu ihe dị mkpa. Ọ sịrị na o nweghi onye ga-agba nkịtị ma a nwụchie  nwa ya na-emeghi ihe ọbụla banyere ya. Nwala, onye toro ndị okenye Igbo gara hụụ Buhari maka okwu Nnamdi Kanu sịrị na ihe ọzọ kachasị mkpa bụ ileba anya n'ọnọdụ ndị Igbo na Naịjirịa. Ọ sị na e kwesịrị ịnọkọ ọnụ kparịa ụka maka etu a ga-esi mee ka ndị Igbo soro n'ihe a na-eme n'ala Naịjirịa. Onye ọzọ tinyere ọnụ n'okwu a bụ Chukwuemeka Ezeife bụ aka chiburu Anambra Steeti bụkwa otu n'ime ndị so mee njem ahụ. Mgbe ọ na-aza ajụjụ n'Arise TV banyere njem ha, Ezeife sị na o nwere olileanya na Onyeisiala Buhari ga-eleba anya n'arịrịọ ha rịọrọ. Ọ sị na obi dị ha ụtọ etu onyeisiala si nabata ha ma gee ha ntị, na o gosiri na ọ ga-eleba anya n'eziokwu. Ezeife kwukwara na ndị nọ onyeisiala nso mere ka ha mata na olileanya dị na ozi ha ziri anwụrụ ọkụ ga-eru eluigwe. Mana otu dị iche iche si na mpaghara ugwu ekwuola ka Onyeisiala Buhari ghara ige oku a ndị a kpọrọ ntị. Ha sị na e nweghi etu a ga-esi atọhapụ onye ha sị ndị otu ya wakporo ma gbuo ọtụtụ ndị ọrụ nchekwa. Ha gaara n'ihu sị na ọ bụrụ gọọmentị tọhapụ Nnamdi Kanu na ọ ga-abụ ihe ịmaatụ ọjọọ nye Naịjirịa n'ọnọdụ dị etu a. Akụkọ ndị ọzọ ga-amasị gị:	https://www.bbc.com/igbo/afirika-59384470
politics	Femi Fani-Kayode: Precious Chikwendu ebola otu ụkọchukwu ịkụnye ọgbaghara n'etiti ya na di ya	"Precious Chikwendu bụbu nwunye Femi Fani Kayode bụbụ mịnịsta njem ụgbọelu ebola otu ụkọchukwu  a kpọrọ Pastọ Emmanuel Olorunmagba   ebubo na aka ya dị n'esemokwu ya na di ya. Mana Olorunmagba nke ụka nke Total Liberation Mission n'onwe ya na-akatọ Precious maka ihe ọ kpọrọ 'okpotokpo asị' ọ na-atụgide di ya na soshal midia. N'ozi o depụtara n'Instagram, Precious,boro ebubo na ọ bụ Pastọ Olorunmagba kpatara esemokwu ya na di ya site na ị na-akụnye ya mkpụrụ ọjọọ n'ime megide ya. O kwuru na ụkọchukwu ahụ kusuru 'ọtụtụ ọgụ' dara n' etiti ya na di ya ma na-abịa n'ụlọikpe iji gbara FFK ama ihe pụtara n'ụlọikpe. Precious onye gara n'ihu boo ebubo na Pastọ Olorunmagba  kpọrọ ya 'Delilah na Vashti' kwukwara na ụkọchụkwu  ahụ nwere ụfọdụ ụmụnwaanyị ọ kwadoro ka ha nọchie anya ya n'ụlọ di ya FFK. Cheta na Precious na di ya bụ Fani-Kayode nwere okwu n'ụlọikpe banyere onye n'ime ha abụọ ga-akpọ ụmụ anọ ha mụkọrọ. Ụkọchukwu Olorunmagba dere n'akara Facebook ya sị na ebere ya na-emere ụmụaka anọ Precious na FFK mụrụ ma gwa Precious ka o meere ha ebere na ha nwere ike ịgụta ihe ndị ọ na-ede na soshal midia banyere di ya. Ọ sị na ""nwaanyị gwara ụmụagbọghọ na-arụrụ ha ọrụ ka ha bo FFK ebubo idina ha n'ike, pụta ziri sị na nwoke anaghị eme ọfụma n'elu agwa?"" Ọ gara n'ihu kwuo na Precious nwere ekworo nke mere na ọ naghị achọ ka nwaanyị ọzọ rute FFK nso bịaziri kwuo na FFK na-ada mba n'elu akwa. Ụkọchukwu Olorunmagba kwuru ""nwaanyị wetuo belata asị ị na-atụgide nna mụrụ ụmụ anọ gị, mgbe ụmụaka ahụ ga-eto ha ga-amata nke bụ eziokwu"". Ihe sere Precious na Fani Kayode Esemokwu dị n'etiti Femi Fani-Kayode na nwunye ya Precious Chikwendu malitere n'ọnwa Sepụtemba afọ 2020 mgbe akụkọ fesara na haa abasaala. E ruru n'afọ 2021 Chikwendu gbara akwụkwọ n'ụlọikpe na-ebo Kayode ebubo na ọ na-eti ya ihe ma sị ka e kewaa agbamakwụkwọ ha."	https://www.bbc.com/igbo/afirika-59613343
religion	Hyacinth Alia: Bishọpụ achụọla ụkọchukwu Katọlik na-azọ Gọvanọ na APC ọsọ	"Bishop ụka Katọlik nke dayọsis Gboko bụ William Avenya enyela Fr Hyacinth Alia ntaramahụhụ site n'ịkwụsị ya ọrụ dịka ụkọchukwu. Nke a bụ maka na Fr Hyacinth Alia sonyere otu ndọrọndọrọ ọchịchị 'All Progressives Congress (APC) ma gbata akwụkwọ iso zọọ ọkwa Gọvanọ nke Benue Steeti. N'akwụkwọ ozi si n'aka Bishọpụ Avenya, ọ kọwara na o megidere iwu ụka Katọlik onye ụkọchukwu ịbanye otu ndọrọndọrọ ọchịchị. O kwukwara sị na nkwụsị ọrụ a ga-adịgide ruo mgbe ụkọchukwu ahụ tụgharịrị ma kwụsị ịzọ ọkwa a ọ na-azọ. Fr Alia ịbanye otu APC ma na-azọ ọkwa gọvanọ, bụzị nnọọ okwu a kpụ n'ọnụ na Benue Steeti ugbua. Ya bụ ụkọchukwu agbatalarị akwụkwọ mmasị na pati APC. Cheta na ndị APC kwuru na akwụkwọ mmasị iso zọọ ọkwa Gọvanọ na pati ha bụ nde naịra iri ise (N50 million) ka ha na-ere ya. Okwu a na-agba ọtụtụ mmadụ gharịị maka na iwu ụka Katọlik machiri ndị ụkọchukwu ịbanye otu ndọrọndọrọ ọchịchị ọbụla. Ọtụtụ na-ajụ ajụjụ ebe ya bụ ụkọchukwu si weta nde naịra iri ise oji zụta akwụkwọ mmasị ndị APC, n'agbanyeghị na ọ naghị arụ ọrụ. Mana ụfọdụ ndị ọzọ na Benue Steeti na-ekwu na obi dị ha mma etu ụkọchukwu a si pụta ịzọ ọkwa ọchịchị. Otu onye na mpaghara ahụ aha ya bụ Desomnd Amanyi gwara BBC Igbo na ụkọchukwu Hyacinth Alia nwere ọtụtụ ndị nkwado. O kwuru na ọtụtụ na-enwe aṅụrị dịka ọ pụtara ịzọ ọkwa gọvanọ na Benue Steeti. ""Ọ bụrụ na o merie ntuliaka imeụlọ ndị APC mụ onwe m ga-atụnyere ya vootu,"" Amanyi kwuru. ""Maka na ọchịchị ọjọọ akarịala na steeti anyị. Ọtụtụ mmadụ nwere nchekwube n'ebe ụkọchukwu a nọ."" Gbasara etu o si nweta nde naịra iri ise o ji zụta akwụkwọ mmasị ndị pati APC, Amanyi kwuru na o chere na ọ bụ site na nkwado ndị mmadụ. O kwuru sị: ""Ụkọchukwu a abụghị obere mmadụ na Benue Steeti, ọ bụ nnukwu onye a ma ama. Ọ gbaghị m gharịị na ndị mmadụ nwereike ịkwado ya ịzụta ya bụ akwụkwọ."" Nke a abụghị nke mbụ onye ụkọchukwu Katọlik na-azọ ọkwa ọchịchị na Naịjirịa. N'afọ 1992, ụkọchukwu aha ya bụ Moses Orshio Adasu, zọrọ ma merie ntuliaka ọkwa Gọvanọ na Benue Steeti. Ọ bụ ụkọchukwu Adasu bụ Gọvanọ nke abụọ na Benue Steeti banyere n'ọchịchị site n'usoro ntuliaka. O meriri ntuliaka ya n'otu 'Social Democratic Party' (SDP), ma chịa Benue Steeti ruo afọ 1993 oge ndị agha weghaara ọchịchị n'ike na Naịjirịa. Moses Adasu lara mmụọ n'ụbọchị 20 nke ọnwa Nọvemba afọ 2005."	https://www.bbc.com/igbo/afirika-61527286
politics	Osun governorship election: Lee ndị na-azọ ọkwa gọvanọ Osun steeti	Dịka ndị Osun steeti na-azọ ọkwa gọvanọ, lee ndị na-azọ ya bụ ọkwa na pati ha si azọ. Pịa aka n'aha ha ka ị hụ ihe ị kwesịrị ịma gbasara ha.	https://www.bbc.com/igbo/afirika-62168872
religion	Nsukka Mosque: A chabiri ihe onyonyo Bishop Godfrey Onah n'ụdị o ji riri ghọọ ihe ọzọ- Nsụkka Catholic Diocese	"Ụka Katọlik nke Diayọsis Nsụka ekwuola na ihe onyonyo Bishop Godfrey Igwebuike Onah nke na-efegharị na soshal midia nke  ụfọdụ na-arụ aka sị na ọ bụ ya butere ọgbaghara mere e jiri gbaa ụlọụka Alakụba ọkụ na Nsụka bụ nchabi ka a chabiri ya n'ụdị ka ọ ghọọ ihe ọzọ. Otu jịkọrọ ndị ụka Alakụba na Naijiria bụ 'Nigerian Supreme Council for Islamic Affairs (NSCIA) na Bekee nọrọ na nso nso a degarala onyeisi ndị uweojii Naijiria nakwa Onyeisi ndị uweojii nzuzo(DSS) akwụkwọ mkpesa sị ka e jichie Bishopụ Ụka Katọlik na Nsuka bụ Rt Rev Godfrey Onah. NSCIA na ndị Ụka Alakụba ụfọdụ weliter isi na-ebo Onah ebubo ikwu okwuchukwu kpaliri mwakpo ndị okpukerechi Alakụba na ụlọụka ha n'Ọwụwa-Anyanwụ nakwa Ndịda-Ndịda(South-South). Onye enyemaka mgbasaozi Gọvanọ Umar Abdullahi Ganduje nke Kano stteeti bụ Salihu Tanko Yakasai kwuru na ọ ga-adị mma ma ndị ọrụ nchekwa jiri Onah kuziri ndị ọzọ ihe. site na ịnwuchie ya ma kpụpụ ya ụlọikpe. Mana  mkparịtaụka Odeakwụkwọ dịayọsis ahụ bụ Rev Fada Cajetan Iyiobi na BBC Igbo nwere n'ekwentị, o kwuru na a dụkọrọ ihe onyonyo ahụ n'ụzọ mere ya ka nghọta ya dị iche na ihe Bishop kwuru. Ọ sịrị,  ""O nwere ahịrịokwu ị ga-ekwu, mana ewepụ ya etu isi kwuo ya mana ewepụ ya etu isi kwuo ya ọ pụta ihe ọzọ."" ""Ndị a gara were akụkọ ebe a kpọtara ụka Kraistị na ụka Alakụba aha wepụ, hapụ ihe ekwuru na mbụ nakwa ihe e kwuru na ikpeazụ."" Ọ gara n'ihu kọwaa na ọ bụ n'otu ya bụ ookwuchukwu ka Bishopụ Onah kpọrọ ndị ntorobia oku ka ha ghara itinye aka na tigbuo-zọgbuo nakwa imebi ihe ọbụla. N'okwu mkpesa otu NSCIA kpesara ma kpoo oku ka a nwụchie Onah, Fada Iyiobi kwuru na Ụka Katọlik adịbeghị njikere ịsa ya bụ okwu. "" Mgbe anyị dịrị nkwadebe anyị ga-agwa ndị ntaakụkọ."" Ka nke na-eme, otu 'Muslim Rights Concern'(MURIC) esonyela na-akpo okpu ka anwụchie Bishọpụ Onah. Onyeisi otu ahụ bụ Ishaq Akintola kwuru na ịnwụchi Onah ga-abụ ihe ịdọ aka na ntị nye ndị ndu ụka ga-achọ iji ụlọụka mere ebe ha na-akpalite ọgbaghara aka na ntị. Onyeisioche okpuru ọchịchị Nsụka bụ Cosmas Ugwueze agbaala ama na mmadụ anọ  merụrụ ahụ n'ọgbaghara mere na Nsụka ahapụla ụlọọgwụ ebe Ndị uweojii tọhapụrụla ndị anwụchiri  maka ya bụ okwu. N'ụbọchị Satode,abalị 30 nke ọnwa Oktoba afọ 2020, ọgbaghara dapụtara n'Odenigbo-Nsuka nke mere na e merụrụ ụfọdụ ndị mmadụ ahụ ma gbaa ụlọụka ndị na-ekpe ụka Alakụba ọkụ. Okwu ahụ ghọrọ okwu a kpụ n'ọnụ dịka ụfọdụ maliete ịkpọ ya ọgbaghara dị n'etiti ndị Ụka Kraistị na ndị Ụka Alakụba. Mana Ugwueze kwuru na ọgbaghara enweghị ka o siri emetụtaghị okpukperechi ọbụla. ""O nweghị onye dunyere ha gaa mee ihe ha mere. O nweghị ihe gbasara ụka n'ihe . Ọ bụ ndị na-ese okwu ego njem."" ""Onye Igbo na-anya Keke butere nwaanyị onye Awusa buru ya rue na Barracks Junction. Onye ya N100, onye Keke si na ihe ha abụọ kpebiri bụ N150."" Nwaanyị tie mkpu, ndị be ha gbaputa tiwe onye keke ihe, ọbara si ya isi na ọnụ na-apụta."" Ọ kọwara na ọ bụ ụmụ Igbo hụrụ ihe mere, ""weziri iwe webiga ya oke were gaa mebiwe ihe."" ""Anyị gbara mbọ buga mmadụ anọ ndị merụrụ ahụ ụlọọgwụ. Gọọmenti amalitela ịrụgharị ụlọụka Alakụba "" Ugwueze gara n'ihu kwuo na ka ọ dị ugbua, udo alọghachiela na mpaghara ahụ. Kepụkepụ BBC Igbo nwetara na-ekwu na a nwụchiri ụfọdụ ndị Ugwu nakwa ndị Nsụka maka ọgbaghara ahụ mana  a tọhapụla ndị a nile. Mana ọnụ na-ekwuru ndị uweojii Enugwu bụDavid Ndukwe ekweghị aza ekwentị ya  iji gwa anyị nke bụ eziokwu. Na mkparịtaụka nke ya na BBC Igbo nwere ụbọchị Tọzde, Ugwueze kwuru na ọ bụ nghọtahịe dị 'etiti  onye Igbo na-anya keke na nwaanyị onye Ugwu na-ere tomatọ banyere keke ya. Ọ gara n'ihu kwuo na ha agbanyụọla ya bụ ọkụ dịka ha kpọtara ndị ọrụ bụghị  mmadụ anọ bụ ihe merụụahụ bụ Otu jịkọrọ ndị ụka Alakụba na Naijiria bụ Nigerian Supreme Council for Islamic Affairs (NSCIA) na Bekee edegarala onyeisi ndị uweojii Naijiria bụ Mohammed Adamu akwụkwọ na-ebo Bishopụ Ụka Katọlik na Nsuka bụ Bishop Godfrey Onah ebubo ikwu okwu butere mwakpo ndị okpukerechi Alakụba nsogbu na Ọwụwa-Anyanwụ nakwa Niaja Delta. Otu ahụ na-ebo Onah ebubo ikwu okwu butere ọgbaghara mere ka awakpo ndị ụka Alakụba na Nsuka na nsonso a. Na akwụkwọ mkpesa nke Osote odeakwụkwọ NSCIA nke Salisu Shehu binyere aka, ha kwuru na ụfọdụ ndị ụka Kraistị wakporo ndị ụka Alakụba na Nsụka gbaa ụlọụka Alakụba ọkụ dịka Bishọpụ Ona gbaschara ozioma ya. Ozi ahụ kwuru sị, ""N'Ụbọchị Satọde abalị 31 nke ọnwa Ọktoba, ụfọọ̄ụ ndị ụka Kraịstị wakporo ndị ụka Alakụba na Nsuka, gbaa ụlọ Alakụba ha ọkụ n'ihi okwuchukwu nke jụpụtara okwu akpọmasị,asị nke otu Bishọpụ odfrey Igwebuike Onah ziri."" Ha gara n'ihu boo ebubo na ọ bụ okwuchukwu ya kpalitere  ndị ụka ya ịwakpo ndị ụka Alakụba nakwa ụlọụka ha. Ebe ya bụ mkpamkpa ọgụ nọrọ dapụta ụbọchị satọde gara aga bụ na ogige obibindị nchekwa dị nso n'Odenigbo Nsukka. BBC mere nchọpụta na ihe kpatara ya bụ nsogbu bụ na onye ụgbọala keke na onye o bu bụ nwaanyị awụsa bụ onye ofufe alakụba nwere nhọtahie, nke kpatara na ụmụnne nwaanyị ahụ were mma makasịa onye keke ahụ. Dịka Imam na elekọta Central Mosque Nsukka Barracks bụ Yakubu Abdulahi Omeh siri kọwaa, ndị otu ya bụ onye Keke na ndị ntorobịa Nsukka chere na onye Keke ahụ anwụọla nke mere ha jiri wakpo ndị niile bụ ndị Hausa ụbọchị ahụ ma tiwe ha nnukwu ihe. Ha gbakwara ụlọ ofufe ndị alakụba abụọ dị ebe ahụ ọkụ ma mebisia ụlọ akwụkwọ. Otu Onye Keke bu Okechukwu Ome kwuru na ha chere na onye keke ibe ha anwụọla nke kpatara ha jiri mebiwe ihe ndị alakụba ahụ. Ọ kọwara na nwaanyị ahụ bụ Aisha kpọrọ ndị moslem bịara maa onye keke mma n'ihi na ha nwere nyọtahie maka ụgwọ njem ya. Ihe emebiri gunyere ụlọ ndị Alakụba abụọ agbara ọkụ, ụlọ akwụkwọ ndị na-ekuzi maka Islam nakwa ọtụtụ akwụkwọ na akụrụngwa ha ji ekpe ekpere. Bishop ndị katọliki na Nsukka bụ Bishop Onah eburularị ụzọ yọọ ndị ntorobịa ka ha hapụ imebisi ihe ma ọ bụ gbuo onye ọbụla n'ihi na omegidere iwu nke chukwu.Nnukwu ọgụ ahụ dara na Nsukka ụbọchị ole na ole gara aga n'etiti ndị okpukperechi nke Kraịst na nke alakụba abịala na njedebe mana  e mebiri ọtụtụ ihe. Mbọ BBC gbara inweta ọnụ ndị uweojii amịtaghị mkpụụ n'ihi na ọnụ na-ekwuru ndị uweojii Enugwu steeti  bụ David Ndukwe azaghị ekwentị ya."	https://www.bbc.com/igbo/afirika-54801540
sports	AFCON Round of 16: Benin Republic emeela Morroco akwụrụ echewe ụwa	Igbo tụrụ ilu sị na elelịa nwa ite ọ gbọnyụọ ọkụ, nke a bụ eziokwu. Mba Morocco ji anya ha wee hụ nke a taa dịka mba Benin Republic gbaara ha ụgbọnwamkpi n'asọmpi iko mba Afrịka bụ AFCON 2019. Morocco na Benin Repụblic nyere onwe ha otu goolu otu goolu nke mere ka asọmpi ahụ baa na penariti. Ndị Benin Republic dị naanị mmadụ iri wee gbachaa ya bụ bọọlụ n'ihi 'Red card' e nyere otu n'ime ha. Penariti ahụ mechara bie mgbe Benin Republic nyere Morocco goolu anọ asatara naanị otu. Nke a pụtara na Benin agafeela na agba nke ọzọ AFCON 2019 ebe Morocco eberela akwa lawa. Ọ bụ nke izizi Benin Republic na-abanye agba nke atọ AFCON. Ka ọ dị ugbua, mba Senegal na ndị Uganda na-achịpụ ya iji mara onye ga-agafe na agba nke ọzọ. Ndị Super Eagles nke Naijiria ga-ezute mba Cameroon echi bụ Satọdee n'elekere ise nke uhuruchi. Akụkọ ga-amasị gị:	https://www.bbc.com/igbo/afirika-48886733
business	AfCFTA: Uru atụmaatụ a ga-abara Naịjiria	"Dịka onyeisiala Muhammadu Buhari binyechara aka n'akwụkwọ maka nkwekọrịta azụmahịa na mba Africa, ọtụtụ mmadụ ka na-ajụ uru ọ ga-abara ha. Lee ihe ise mbinyeaka a ga-emere Naịjirịa. 1. Ọ ga-eme ka Naịjiria na obodo ndị nọ n'Africa Union na-azụ ahịa ruru ogo pasenti iri isii (60%) karịa iri na isii ha na-azụbụ. 2. AfCFTA ga-emepụta ebe azụmahịa kachasị na mba ụwa niile. 3. Ọ ga-enye ndị na-azụ ahịa na Najirịa ohere iso mmadụ ruru ijeri abụọ zụkọta ahịa. 4.Ọ ga-enye ndị Naịjirịa sonye na akụnaụba ruru ijeri dọla abụọ nke ka akụ na ụba Naịjirịa. 5. Ụmụ Naịjirịa na-azụta ahịa ga-erite uru na ndọkọrịta ga-adị n'etiti ọtụtụ ndị azụmahịa. Onyeisiala Mohammadu Buhari gara na Niger Republic ụbọchị asaa nke ọnwa July binye aka n'akwụkwọ maka atụmatụ ""African Continental Free Trade Area""(ACFTA) ga-ahụ na mba Afrika na-azụkọta ahịa na-enweghị nsogbu. O bụghị taa ka ekwụwere okwu ya bụ atụmatụ nzụkọrịta ahịa na mba Afrika. Atụmatụ mekọrịta azụmahịa nke mba Afrika kpụrụ afọ n'ala afọ gara aga mgbe Naịjrịa jụrụ na ha agaghị entinye aka na ya. Naịjrịa bụ mba kachasị na mba Afrika ma nọrọkwa n'isi ihe a na-eme na ya bụ ọgbakọ. Mgbe Naịjirịa sepụrụ aka na ya bụ ọgbakọ, ụwa che na ọgbakọ azụmahịa mba Afrika akpụọla afọ n'ala kpam kpam. Onyeisiala Buhari sị ka enye ya nwobere oge ka ya chebere ya bụ atụmatụ echiche. Kemgbe ahụ otu ehibere ilebe anya na azụmahịa Naiịjrịa akpọrọ ""Nigerian Office for Trade Negotiation""  sị na ha na otu ruru iri abụọ na asaa etikọọla isi maka ya bụ okwụ mata iri dị na ya. Uru dị na Naịjirịa ịnwete obosara ahịa na mba Afrika juru eju bara abara agbanyeghị na ọtụtụ na atụ egwu na ọrụ na ngwaahịa agaghịzị ezu ndị chọrọ ya. Ugbua Naịjirịa tinyegoro aka na-akwụkwọ nkwekọrịta a, Afrika ịwete obosara ahịa buru ibu dịka Urop adịwala nso. Ugbua Naịjrịa enweela ohere ịmekọrịta ha na mba ndị ọzọ nwere agba."	https://www.bbc.com/igbo/afirika-48899195
religion	'Ọ bụ okwu mmekọ nwoke na nwoke n'etiti ndị ụkọchukwu butere esemokwu n'ụlọụka Anglịkan dị n'Ezinifite'	"Dịka ọtụtụ mmadụ ka na-ajụ ihe kpatara ndị Ezinifite jiri gbachie ụlọụka Immanuel dị na be ha ụbọchị ụka, ọnụ na-ekwuru Dayosis Anglican nke Aguata agwala BBC ebe mmiri siri banye n'akụ oyibo. Abụchị Nwozor sị na okwu ahụ malitere kemgbe afọ 2017 oge Dayosis ahụ mechara nnyocha were chụọ ụfọdụ ụkọchụkwu ""makana ha na-edina nwoke ibe ha."" ""Ihe meziri bụ na Ụkọchukwu na-ahụ maka Ezinifite, bụ Venerable Emma Ekejiuba, gara ebe a na-akwa ozu were kwuo na otu n'ime ndị a achụrụ enweghị ihe o mere were kpụọ ya ka o soro ya kpee ekpere."" Ọ sị na agwa Ụkọchukwu Ekejiuba kpara site ịkpọghachi onye achụrụ n'ọrụ ụkọchukwu ma kwuo na onweghi ih e o mere megidere iwu ndị Anglican na Naịjirịa. Maazị Nwozor gakwara n'ihu kwuo na aka Bishop Aguata bụ Samuel Ezeofor adịghị n'ihe mere karịcha na ọ bụ ya nyere Ven Ekejiuba ezumike nwagbenta. Ọ sị, dịka Bishop Ezeofor nụrụ ihe Ven Ekejiuba mere, ọ hibere kọmịtị maka nyocha ka a mata nke bụ eziokwu, mana ọ gọrọ. Ka emechara, a chọpụtara nọ ọ bụ eziokwu makana ihe o kwuru dị na ""tape"". Maazị Nwofor gakwara n'ihu kwuo na ya bụ obodo adaala jii dịka ụfọdụ ndị so mee nsogbu ụbọchị ụka na abịa ịrịọ mgbaghara. Ihe a Maazị Nwozor kwuru dabanyere n'ihe otu ụkọchukwu na-achọghị ka a kpọọ aha ya gwara BBC n'ụbọchị Sọnde bụ ihe mere ndị ntoroọbịa Ezinifite ji were igodo gbachie ụlọụka Immanuel dị n'obodo ha. BBC kpọrọ Ụkọchukwu Ekejiuba ka anụta ọnụ ya o were sị ka akpọghachi ya. Mana oge eji kpọghachi ya, ekwentị ya anaghịzị aga. Kedụ ihe mere e ji kwụsị Archdeacon a ọrụ? Ụkọchukwu a sị na e nwere otu ụkọchukwu bụ nwafọ Ezinifite a chụrụ maka ebubo mmekọrịta nwoke na nwoke n'afọ ole na ole gara aga. Onye Archdeacon a gara akwamozu ma hụụ ụkọchukwu a, sị ya kpee ekpere gọzịe nri n'akwamozu ahụ. Mana iwu ndị ụka Anglican megidere onye ụkọchukwu a chụrụ achụ ịrụ ọrụ n'ụdị ọbụla, nke mere mgbe ozi ruru Bishọp ntị na ọ gbarụrụ ihu. Bishọp gara n'ihu kwụsịtụ Archdeacon a ọrụ n'ihi agwa ọ kpara ma zigaa onye ọzọ n'Ezinifite ka ọ nọchite anya ya na nchere oge. Ụfọdụ ndị ntoroọbịa Ezinifite anabataghị ya nke mere ha ji gbachie ụlọụka sị ka a kpọchịrị ha Archdeacon a kwụsịtụrụ ọrụ. BBC Igbo kpọrọ Bishop Samuel Ezeofor n'ekwentị ka a mata etu eke si anya anwụ maka ọ zabeghi rute ugbua akụkọ na-apụta. Cheta na ihe onyonyo na-efegharịnụ na soshal midia gosiri ka ndị ụlọụka Emmanuel Anglican Church Ezinifite dị n'Anambra steeti na-eme ngagharịiwe. O gosiri ebe ọtụtụ mmadụ kwụ n'ọnụ ụzọ ụlọụka ahụ na-ekwusike na ha achọghị ka archdeaconry ọhụrụ ewetere ha bata n'ụlọụka ha kama ka ewetere ha nke ochie ka pụchara tupu nke ọhụrụ a abata. Nke a mere ka ha were akwụkwọ e dere ""Uzọ anyị mechiri emechi"" madocha n'ọnụ ụzọ ụlọụka ahụ ka aghara ịka ụka taa ebe ahụ."	https://www.bbc.com/igbo/afirika-54049830
business	How to Link NIN: Etu ị ga-esi jịkọọ NIN na SIM kadị gị	"Cheta na gọọmenti etiti dọtịburu oge ụmụ Naịjirịa nwerike iji denye ma jịkọta akara NIN ha na SIM ha. Kama n'ụbọchi Mọnde bụ ụbọchị anọ nke ọnwa maachị afọ 2022 ka Mịnịsta mgbasa ozi bụ Isa Pantami nyere iwu ka egbochie ndị na ejikọbeghị NIN na SIM kadị ha. I nwere ike ịmata akara njirimara onye Bekee kpọrọ ""National Identification Number"" (NIN) site na iji akara 'USSD, n'ekwentị. Ngalaba gọọmentị na-ahụ maka akara njirimara onye, a kpọrọ ""National Identity Management Commission"" (NIMC), sị ụmụ Naijiria  ha pịa *346# n'ekwentị ha iji mata akara 'NIN'. Nke a na-abịa dịka ụlọọrụ NIMC nyere ndị Naijiria naanị izuụka abụọ iji were denye akara NIN ha n'akawụkwọ ndenye aha SIM ha meburula mbụ. Onye ọbụla nọ na netwọk MTN, Airtel, 9mobile maọbụ Glo, nwere akara USSD nke ya.. Ọ bụ ngalaba na-ahazi nkwụrịtaụka n'ekwentị bụ NCC n'ịchafụ wepụtara amụma ọhụrụ nke mere ya iwu na onye ọbụla nwere ekwentị ga-etinyerịrị akara njirimara ya n'akwụkwọ ndebanye aha ndị nwere ekwentị. Ọ bụrụ na i nwere ekwentị mana idebanyebeghị aha gị mbụ maka kaad njirimara NIN  lee usoro ị ga-agbaso iji mee nke a: Nzọụkwụ Mbụ Nzọụkwụ nke Abụọ Nzọụkwụ nke Atọ Ịnata akara 'NIN' gị Gaa na websaịtị National Identity Management Commission [NIMC] website-  www.nimc.gov.ng Gaaa na mpaghara websaitị ahụ ebe e dere 'e-ID Card Status Portal' , pịa ya iji maata na ọ dịla nakwa ebe ị ga-aga were ya. Tinye aha gị, aha nna gị nakwa akara NIMC nyere gị maka ịchọ ya  ma pịa 'check now'. Oge ijikọ NIN na akara ekwentị ga-ebi n'ụbọchị itoolu nke ọnwa Febuwarị afọ 2021 Onye na-ahụ maka ihe gbasara iwu obodo nke ndụ ụloọrụ National Identity Management Commission bụ Hadiza Dagabana gwara BBC Igbo na gọọmenti etiti Naịjirịa nyere maka ijikọ National Identity Number nakwa akara ekwenti ga-ebi n'ụọchị itolu nke ọnwa Febuwarị afọ 2021. Ọtụtụ mmadụ na-ekwu na ruo ugbua ha enwetebeghị ya bụ NIN ma ya fọrọ ijikọ ya na ekwenti ha. Cheta na ikwesiri ịjịkọ NIN gị na akara SIM Airtel,Glo na MTN iji eme intaneti. Cheta na ndị ndịọrụ na-arụ na ngalaba ""National Identity Management Commission' (NIMC) gbara abụbụọrụ nso nso a maka enweghị ngwaọrụ zuru oke ịrụ ọrụ ha. Ndị mmadụ ka na-ege nti ka ha mara ma o nwere ihe ga-agbanwe tupu echi e nyere dịka ngwụcha eruo. Gọọmenti Naịjiria ekwuola na ha amalitebeghị usoro iji National Identity Number (NIN) nọchịe Bank Verification Number (BVN). Nke a bụ ihe Uwa Suleiman bụ ọnụ kwụchitere 'Ministry of Communication and Digital Economy' gwara BBC dịka o na-ekwu okwu gbasara akụkọ na gọọmenti ewerela NIN nọchie BVN. Akụkọ pụtaburu na minista na-ahụ maka teknụzụ na Naịjirịa bụ Isa Pantami kwuru mgbe ọ na-eduharị ndị ntaakụkọ iji gosi ha etu ịdebanya aha na NIN sị aga, na gọọmenti etiti nwere ebumnuche ịji NIN nọchie BVN. Mana Uwa kwuru na ọ bụghị ihe mịnista kwuru ka ihe ahụ pụtara. O kwuru na minista na-ekwu maka etu inweta NIN si dị ezigbo mkpa nakwa ezi nchekwa ọ nwere ruru pasenti 99.9. Pantami kọwara na BVN bụ atụmatụ ebe NIN bụ iwu. Gọọmentị Naịjirịa agbatịala oge ha nyere maka idebanye aha na NIN nakwa ijikọ ya na akara ekwentị site ugbua ruo izuụka asatọ na-abịa abịa. Nke a dị n'akwụkwọ ozi ọnụ na-ekwuru ụlọọrụ mgbasaozi n'ekwentị nakwa ụlọọrụ n'ahụ maka akara njirimara mmadụ. Onye tinyere aka n'akwụkwọ a bụ minista mgbasaozi n'igwe ekwentị bụ Isa Pantami. Cheta na a sịburu na idebanye aha ga-akwụsị n'ụbọchị itoolu nke ọnwa Fenụwarị, 2021."	https://www.bbc.com/igbo/55333085
sports	Tokyo Olympics: Ihe Naịjirịa mere m n'Olympics gbawara m obi - Cici Onyekwere	Cici Onyekwere bụ ejima atọ egwuregwu na-amasị. O ritere ntụrụugo na Discus mgbe ọ na-anọchi anya mba Naịjirịa. Ọ kọwarala BBC Igbo mwute ya mgbe ewepụrụ ya na mmadụ itoolu ndị ọzọ n'asọmpị Olympics ahụ. Gee okwu ya n'uju Ọrụ a si n'aka Jessica Nwankwo na Chiemela Mgbeahuru.	https://www.bbc.com/igbo/afirika-58301062
health	Benefits of Bitter Leaf: Etu m si malite ịkọpụta olugbo ebe o buru ibu - Elochukwu Anozie	Elochukwu Anozie bụ onye nwere ugbo ebe ọ na-akọ naanị olugbu akọwaarala BBC Igbo etu o si malite. Anozie kwuru na ọ gụkwara akwụkwọ mana ọ gụchaghị tupu ọ banye ịkọ olugbu bụ ebe o si akpa nri ugbua. Ọ kọwakwara usoro e ji akọ nakwa elekọta ya anya. O kwuru na ọ ga-amasị ya ma olugbu ọ na-akọ gatee aka ma gazuo ụwa. Gee ihe ndị o kwEtu e si akpata ego site n'ịzụ ọkụkọ Bekeeuru n'uju:	https://www.bbc.com/igbo/afirika-58713443
entertainment	Isha Sesay: Amaghị m na m ga-adị ime n'afọ 46 n'enweghị di	"Onye ntaakụkọ a ma ama n'ụwa ma bụrụ onye bụbu onye ntaakụkọ  CNN bụ Isha Sesay akọwapụtala etu o si tụrụ ime n'afọ 46 , na-alụghị di. Sesay , nwa afọ Sieera Leone toor na mba Briten  kọọrọ ụlọntaakụkọ Today.com akụkọ ije ya na nsonso a. O  kwuru na ọ bụrụ na afa gbara ya oge ya dị afọ 16 na ya ga-eru afọ 46  na-enweghị di, ma tụọ ime, na ya agaghị ekweta. O﻿ kwuru na ya haziri ndụ ya chee na ọ bụ etu ya si chee ya ka ọ ga-esi adị mana  dịka  afọ na-amanye , nwada ahụ lụrụ di nwa mgbe nta mana ọ badaghị kọwara na ya kpebiri ịtụrụ ime oge ya hụrụ na oge na-agbalahụ ya. ""﻿Alụmdi nwa oge mụ na otu nwoke obiọma amịtaghị mkpụrụ, na-afọ mgbara afọ 40, nne m dara n'ọrịa mkpọnwụ ahụ nke enyeghị m ohere  ime ihe ọbụla karịa ilekọta ya. Afọ isii gafere m we hụ onwe ka mụ na nwoke ọ na-ewe awa 12 iji saa m ozi zigara ya n'ekwe ntị na ihe mgbama ọjọọ ndị ọzọ."" ""K﻿a anyị gbasara ka o doro m anya na : na amụghị nwaa ga-abụ ihe m ga-aka tacha onwe mụ ụta na ndụ m."" Sesay abụghị obere mmadụ. Ọ rụrụ ọrụ na CNN afọ 13, gaa nje ọrụ na mba dị iche iche n'ụwa ma mee ọtụtụ ndị ndụ na mba ụwa ajụjụ ọnụ. O deela otu akwụkwọ ma bụrụkwa onye nwere hiwere otu abụghị nke gọọmentị na-enyere ụmụaka ụmụnwaanyị aka. Mana ị bụ nne  bụ ihe kachasị agụ ya agụụ. ""Asị m chewa nwoke dị mma ka ọ bịara m di tupu ma amụọ nwaa, o nwere ike oge agbalahụ m. Ya mere ji kpebie iji  ụtụtụ chọwa ewu oji site ikpebie ime ihe kachasị atụ egwu n'ụwa: ịmụ nwa n'onwe m. "" ""Ekweghị ka ihe ụwa ga-ekwu napụ ime ihe bụ uche m."" Sesay gbasoro ụzọ IVF were chọta ihe dị ya mkpa mana ọ dịghị ya mfe. ""Kwa mgbe nzukọ mụ  na ndị dọkịta, nnyocha ọbara,nyọcha ahụ, ọgwụ na-ahụ agbọọ, na ịwa ahụ maka 'fibroid ma amaghị na ọdị ya so na ịchọta onye a ga-eji uhe ya(sperm donor) so na nsogbu m gabigara."" "" IVF nke mbụ mere amịtaghị mkpụrụ, Ebere m akwa ọtụtụ ụbọchị tụppụ nweta ike mekwa ọzọ ka ọnwa ole na ole gachara."" ""Dọkịta m bere ije nke abụọ ahụ nkenke ka ọ hụrụ na ahụ m anabataghị ọgwụ ọ na-enye m."" "" Nke atọ ya bụ nke  m enweghị olileanya rinne bụ nke nọdoro ."" O﻿ kwuru na ya tiwapụrụ akwa oge nnyocha gosiri na ya adịla ime. Sesay gara n'ihu kwuo na  obi na-atọ ya rịkọọ na agbanyeghị ike ọkwụkwụ, agbọ ọhụhụ, enweghị agụụ nri so ime ọ dị . ""Ọ﻿ gaala izuụka a ole na ole m dị ime."" "" Afọ m na-eto kwa ụbọchị mana oge ọbụla m kwuru na 'adị m ime',  eji m ezi ịtụnanya ekwu ya. ""Obi m dị m nnukwu ụtọ."""	https://www.bbc.com/igbo/articles/cjme8nr7j1xo
religion	Fr Raymond Arazu: Fada Katọlik a bụkwa Dibịa anwụọla	"Otu Fada ụlọụka Katọlik aha ya bụ Raymond Arazu anwụola n'ụlọọgwụ dị n'Enugwu. Onye ọdeakwụkwọ ụlọụka ahụ wepụtara ozi a kwuru na e bugara ya ụlọọgwụ dịka ike na-agwụ ya n'ụbọchị ole na ole gara aga. Ozi ahụ kwuru na ọ na-arịabu ọrịa akpụ nke ngada nakwa Dayabitis tupu ọ nwụọ. Ha kwukwara na a ga-ewepụta ozi ma ahazicha usoro akwamozu ya. Tupu ọ nwụọ, ọ bụ onyeisioche otu ndị mgbọrọgwụ akpọrọ ""Anambra Traditional Medicine Board"". Fr. Arazu bụ otu onye ya na ụka ya na-akwata isi maka ọtụtụ ihe gbadoro ụkwụ n'omenala Igbo. Ọ kpọrọ onwe ya ""Dibia"" ma na-emekwa ihe gbasara mgbọrọgwụ Igbo. Ọ bụkwa onye akpọrọ ""Holy Ghost Father"". E kwukwara na ọ na-achụpụ ajọ mmụọ bi n'ime mmadụ nke Bekee kpọrọ ""Exorcist""."	https://www.bbc.com/igbo/afirika-59796462
politics	Ndụ Ekweremadu dị n'aka Ndume - Ndị ụlọomeiwu Igbo	Akụkọ ndị kachasị mkpa mere taa: Akụkọ ndị dị mkpa n'abalị a: Osote onyeisiala na-arụ ọrụ dịka onyeisiala ugbua bụ Yemi Osinbajo ejirila iwe chụtuo onyeisi ndị ọrụ nchekwa DSS bụ Lawal Musa Daura. Cheta na ndị ọrụ nchekwa DSS wuchiri n'ụlọ ndị omeiwu taa ma gbochie ha ịba n'ime ọgba ụlọomeiwu. Ndị ụlọomeiwu ntaa si na mpaghara ọwụwaanyanwụ ekwuola na ha ga-ejide Sinetọ Ali Ndume ma ọ bụrụ ọkọ ọbụla kọọ Ike Ekweremadu n'aka ndị EFCC. Onye ndu ha bụ Chukwuma Onyema kwuru na Ali Ndume na-afụnye ndị EFCC ọkụ maka inyocha Ekweremadu. Donald Trump bụ onyeisiala Amerịka ekwuola na mba Amerịka na mba ọbụla ha na ndị Iran na-azụkọ ahịa agaghị enwe mmekọ. Nke a bụ maka mmachi  azụmahịa ọ machiri mba Iran maka ngwaagha nuklia. N'egwuregwu, Onye so nwere otu bọọlụ Arsenal bụ Usmanov ekwetela ịnaara ego dị Paụnds nari ise na iri ise site n'aka ogbo ya bụ Stan Kroenke iji zụkọrọ otu Arsenal kpamkpam Kroenke  nwere pasentị iri isii na asaa ebe Usmanov nwere naanị pasentị iri atọ n'ọnụ ego Arsenal. Gere akụkọ mere na mgbede a n'otu nkeji: Ihe nkiri nke taa:	https://www.bbc.com/igbo/afirika-45105595
sports	Nigeria Vs Burundi: Super Eagles amalitela njem ịchọ Iko AFCON nke 4 ha	"Iko Mba Afịrịka nke Bekee kpọrọ African Cup of Nations malitere ụnyaahu na mba Ijipt ka mba ahụ na Zimbabwe suru mpi n'ama egwuregwu dị na Cairo. Taata, Super Eagles nke Naịjirịa - bụ ndị tụrụ ugo n'asọmpị a ugboro atọ n'oge gara aga - ga amalite ịchu iko nke anọ ha n'ama egwuregwu Alexandrịa di n'obodo Alexandrịa mgbe ha zutere Burundi. N'ụbọchị nke 26 nke ọnwọa Juun ha ga-ezute otu egwuregwu mba Guinea. N'ụbọchi 30 nke ọnwa juun kwa, ha ga-agba bọọlụ nke agba nke mbụ mgbe ha na Madagascar zutere. Agbanyeghị na Super Eagles so n'otu egwuregwu na-eme ọfụma n'Iko Mba Afịrịka kwamgbe, afọ bụ nke mbụ ha na-agba ya bụ asọmpị kemgbe ha maburu Iko ahụ n'afọ 2013. Super Eagles achịtaghị aja n'asọmpị eji ahụpụta ndị ga-aga Iko Mba Afịrịka n'afọ 2015 nakwa afọ 2017. Super Eagles butere Iko a mbu n'afọ 1980 mgbe Naịjirịa nabatara mba Afịrịka ndị ọzọ. Afọ iri ano gara tupu ha ebute ya ọzọ na Tunisha n'afọ 1994. Ndị ahụ butere mgbe ahụ bụkwa ndị Clemence Westerhof du gawa Iko Mba Ụwa na Amerịka n'afọ ahụ. Afọ iri na itoolu gara tupu Super Eagles hụ Iko ahu anya na mba Saụt Afịrịka. Onye du ha ga Saụt Afịrịka bụ Stephen Keshi - bu onye anọghịzị n'ụwa. Stephen Keshi sokwa n'ime ndị butere iko ahụ n'afọ 1994. Ọ bụ ya bu onyeisi ndi ọgba bọọlụ Super Eagles mgbe ahụ. Ya bụ, Keshi butere Iko ahụ ka onye na-agba nakwa onye nkuzi. Mikel Obi, bụ onyeisi Super Eagles ugbua, sokwa ndị butere Iko ahụ n'afọ 2013. Iko Mba Afịrịka nke afọ bu opuruiche, dịka ọ bu mbu mba 24 ga-ezute na ya bụ asọmpị. Nke afọ a bụkwa nke mbụ ahaziri ka ọ gharị ịdabanye mgbe ndị mba Yurope - bụ ebe ọtụtụ ndị na-agba bọọlụ n'asọmpị a na-atụ mgbere bọọlụ - na-asụ mpị otu egwuregwu dị iche iche. Na mbụ, ọ bụ na ọnwa Febuwarị ka a na-agba asọmpị a. Dịka ọkwa ha dị n'Afịrịka, onweghị ndị n'ime ndị ha na Super Eagles nọ na ""Group"" enwereike sị na aka siri ike ruo ha n'asọmpị bọọlụ, nke mere ọtụtụ mmadụ na-eche na ha ga-pụta na agba nke mbụ gaa agba nke abụọ. Mana, ndị ma egwuregwu bọọlụ ọfụma na-ekwu na onweghị onye a ga-asị na ọ bụ obele mmadu n'ama egwuregwu."	https://www.bbc.com/igbo/egwuregwu-48729283
sports	Akụkọ kachasị n'abalị a: Serena Williams agaghị asọmpi Italian Open	Akụkọ kachasị n'abalị a Naịjirịa akwadola maka Ebola Ndị ọrụ Immigration na ngalaba na-ahụ maka mgbochi ọrịa bụ Nigeria Centre for Disease Control (NCDC) na-ekwu na ha ekeela nkwụcha iji hụ na ọrịa ebola bịachịrị na mba Congo abataghị Naịjirịa ọzọ. Ha kwuru na ha na ndị ọrụ nchekwa na Congo na-akpakọrịta. A chụọla kọmishọna uweojii n'Imo steeti Ewepụla onye bụbu kọmishọna ndị uweojii nke Imo steeti bụ Chris Ezike. Akụkọ kwuru na-ewepụrụ ya n'ọrụ maka ọnọdụ ya n'ihe mere n'etiti ndị ọnụ na-eru n'okwu n'otu APC na Rochas Okorocha bụ gọvanọ Imo steeti. N'akụkọ mba ofesi, Ndị mba North Korea atọghapụla ndị mba Amerịka atọ ha tinyere n'ụlọ mkpọrọ. A na-ahụta ya ka ihuọma ndị North Korea chọrọ iji kwado maka nzukọ dị n'etiti onyeisiala ha bụ Kim Jong-un na onyeisiala mba Amerịka bụ Donald Trump. Serena Williams agaghị asọmpi Italian Open Serena Williams bụ dike n'ịpịa tenis ekwuola na ọ gaghị eso asọmpi Italian Open maka na ọ ka chọrọ ohere ikwado ọfụma maka asọmpi nke mbụ ọ ga-apịa na clay kamgbe ọ mụchara nwa. Ebe Wilfried Zaha bụ onye egwu ndị otu Crystal Palace enwetala ihe nrite 'ọkacha agba na Premier League' nke ọnwa Epreelụ. Gee akụkọ anyị n'otu nkeji ebe a Lee ihe nkịrị taa	https://www.bbc.com/igbo/afirika-44059942
health	Coronavirus Symptoms: Ọ bụrụ na ị naghị anụ ụtọ nri maọbụ isi, i nwereike ibu coronavirus	"Ọtụtụ mmadụ na-ekwu na ha anaghị anụ isi maọbụ ụtọ nri na ọwụwa anyanwụ Naịjirịa ugbua nke mere ka ụfọdụ na-ekwu na ọrịa coronavirus abala obodo n'ike. Anaghị anụ isi maọbụ ụtọ ihe bụ otu njirimara ọrịa coronavirus nke na-egosi na-ahụ ndị ụfọdụ ọrịa ahụ ji. Site Ọnịcha gawa Abakaliki, ndị mmadụ na-ekwu na ha rịara ọrịa nke gụnyere anaghị anụ ụtọ na isi ihe ọbụla. Uche Nwonwu bụ  onye Enugwu gwara BBC Igbo na kemgbe abalị ise ya anụbeghị ụtọ ihe maọbụ isi ihe. Ọ sị: ""Ihe a malitere ubọchị ụka. Dịka ọ na-eme m, ewetere m akpụ nso n'ime m mana anụghị m isi ya."" Nwonwu gakwara n'ihu kwuo na ọ bughị sọsọ ihe a na-eme ya. ""Isi na-awa m, ahu ọkụ na-emekwa m. Azụzụ na-asụchị m imi n'abalị ebe ike na-agwụkarị m."" Nwaada Nwonwu no n'ime obodo, nke pụtara na ebe gọọmentị hibere ka a na-eme nyocha ma mmadu ebu coronavirus adịghi ya nso. Ọ gwakwara BBC na ọbụghị sọsọ ya ka ụdịrị ihe a na-eme n'obodo o bi. ""Otu enyi m gwara m na ihe dị otu a mere ya. Ụfọdụ ndị nọ ebe m gara igo ọgwụ sịkwa na o mere ha."" Chidiebere Ike bụ onye na-ere ọgwụ n'Aba gwara BBC na ya bụ ihe a na-akọ akụkọ ya doro ya anya ọfụma dịka ya rịara ya ma zute ya dịka ọ na-atụ mgbere ya. Maazị Ike sị: ""Anyị erebeghi ọgwụ ịba ruo etu anyị siri ree ya site n'ọnwa Mee ruo Juun."" ""Nke a bụ maka na ọtụtụ mmadụ na-ewete ama ọrịa ịba n'ahụ ha. ""Ama ndị a gụnyere isi ọwụwa na ahụ ọkụ. N'otu aka ahụ, ọtụtụ mmadụ na-ekwukwa na ha anaghị anụ isi maọbụ ụtọ nri."" Ọ gakwara n'ihu kwuo na ya hụrụ ụdịrị ama n'ahụ ya nakwa nke ezinaụlọ ya. ""O mere m ruo abalị iri ise ma mekwa ndị be m. Emekwara m nnyocha iji mata ihe ọ bụ mana a hụghị nke 'malaria' maọbụ 'typhoid' n'ahụ m."" Na soshal midia ọtụtụ mmadụ kwenyekwere na ha hụrụ ụdịrị ihe maọbụ na omere ha. Dọkịnta Nneoma Sibigam gwara BBC na ihe a ndị mmadụ na-ekwu na-eme ha dịka ka ama coronavirus. ""Ihe ọhụru a gwara anyị banyere coronavirus bụ na ọ na-eme ka ndị mmadụ ghara ịnụ isi na ụtọ ihe. Nke mere na o nwereike bụrụ nje ka ndị bu."" Dọkịnta Sigibam sị ka ndị nwere ụdịrị ama gaa ebe gọọmentị hibere maka nyocha coronavirus. Ọ sịkwa na ihe a agaghị abụ ịba maọbụ azụzụ makana ịba na azụzụ anaghị eme ka mmadụ gharị ịnụ isi na ụtọ ihe kpam kpam. Ngalaba na-ahụ maka mgbochi ọrịa bụ Nigerian Centre for Disease Control (NCDC) ekwuola na anaghị anụ ụtọ maọbụ isi bụ otu njirimara coronavirus. Ha sị onye ọbụla hụru onwe ya n'ọnọdụ a kwesịrị ịkpọ ekwentị ndị na-ebuso coronavirus agha na steeti ebe ha nọ. Ngalaba NCDC wepụtekwara akara ndị ekwesiri ịkpọ banyere ihe a na steeti dị iche iche. Leekwa ebe akara ekwentị ndị a dị. Ka ọ kwụ ugbua, ihe karịrị mmadụ puku iri abuọ na asaa ebutela coronavirus na Naịjirịa ebe mmadụ 616 anwụọla. Agbanyeghị na ụfọdụ mba dị ka Chaịna na ụfọdụ mpaghara Yurop ahụra mbelata ọrịa a, Naịjirịa ka so na mba ndị ọ ka na-abanwanye."	https://www.bbc.com/igbo/afirika-53281045
business	Palm Kernel Oil: Ka e sị eme udeakị ụmụnwaanyị ji eme ọmụgwọ	Udeakị bụ ibe ama ama n’ala Igbo. A na-etekarị ya ụmụaka amụrụ ọhụrụ na nne ha. A sị na ọ na-enyere ha aka ịgbake ọsọsọ. Ihe onyonyo a ga-egosi ka e si eme ya na ihe ọ na-arụ.	https://www.bbc.com/igbo/57421666
religion	Mbaka: Fada Cajetan abụghịzị enyi Adoration Ministry n'ihi mkparịtaụka BBC Igbo	"Ọnụ na-ekwuru Adoration Ministry n'Enugwu bụ Maximus Ugwuoke agọọla na awakpoghị ndị ntaakụkọ BBC n'ogige ụbọchị Wenezde. BBC kwuburu na ụmụnwoke dị iri abụọ wakporo ha n'ihu Fada Mbaka, ka ya bụ Fada ji aka ya na-adụ ya aka n'ọnụ ma na-akpọ ya aha ọjọọ. Fada Obiekezie bụ onye dubara ha ịgba Fada Mbaka ajụjụọnụ. Maazị Ugwuoke n'okwu ya sị na akụkọ mwakpo a bụ akụkọ ""nkata a kpara iji mechu aha Fada Ejike Mbaka ma meekwa ka ndị mmadụ na-asọpụrụ ma na-ahụ n'anya."" N'ime akwụkwọ mgbasaozi o binyere aka, Ugwuoke dere na Fada Obiekezie abụghị enyi Adoration Ministrị maka ajụjụọnụ ndị BBC Igbo gbara ya. Cheta na ụkọchụkwụ ụka Katọlik n'Enugwu bụ Fada Ejike Mbaka na ndị ọrụ ya kụrụ ndị ntaakụkọ BBC Igbo mmadụ abụọ nakwa ọkwọụgbọala ha ihe tinka kụrụ pan ma nara ha ekwentị ha na ngwaọrụ ntaakụkọ ha n'ogige Adoroation Mbaka n'Enugwu. Etu Mbaka na ndị na-eso ya siri wakpoo ndị ntaakụkọ BBC n'Enugwu Obianinwa, Agbanelo na ụkọchukwu du ha bụ Rev Fr Cajetan Obiekezie gara n'ogige 'Adoration Ministry Enugwu' ịgba Mbaka ajụjụọnụ oge a wakporo ha. Ndị ọzọ so gaa njem a bụ Ndubuisi Nwafor, bu ọkwọụgbọala nakwa onye enyemaka Fada Obiekezie bụ Solomon Orakam. Ọ bụ n'elekere iri nke ụtụtụ ka ndị ruru ụlọ ụka Mbaka. Dịka Obianinwa bụ onye ntaakụkọ anyị duru ndị ọzọ gaa ya bụ ije si kọwaa, ""nke a mere dịka ha chere Mbaka ihe ruru awa atọ."" ""Ọ bụ n'elekere ise nke ehihe ka ha niile si ụlọụka ahụ gawa be Mbaka ịgba ya ajụjụ ọnụ a."" Obianinwa sịrị: ""Anyị bịara ịgba Fada Mbaka ajụjụ ọnụ n'Adọration (oge ekpere na-aga), mana ọ gwara anyị ka anyị gaa n'ụlọ ya nke dịkwa n'ogige ahụ chere ya. ""Anyị chere ọtụtụ awa tupu ya abịakwụte anyị, ma gbanwe, bido na-egosi iwe, sị na anyị dere akụkọ ọjọọ banyere ya."" ""Fada Mbaka nyere ndị okorobịa ya iwu ka ha nara anyị igwe e ji ese onyonyo na ekwenti anyị ma tie anyị ihe."" Obianinwa siri na ndị a Mbaka kpọtara yiri ha egwu ma sị na ha ga-egbu ha maka ide akụkọ megidere Mbaka. Onye ntaakụkọ BBC sị na oge ndị a na-aba mba, Mbaka na Obiekezie si n'ime ụlọ ebe ha nọ pụta were tụwa ya aka n'ihu na-akpọ ya ""satanic"". Ọ sị: ""Ọ bụ mba Mbaka na-aba mere ka ndị okorobịa malite bawa oke mba ma majawa ha. ""Ha sepuru ""wig"" m kpu n'isi ma tọdo Agbanelo n'olu. Fada Obiekezie bịara isi ka ha kwụsị mana ha wakporo ya ma nara ya ekwenti ya."" Obianinwa sị na ọ bụ oge ya malitere iti mkpu na ""ụwa ga-anụ na ọ bn̄ụ na be Mbaka ka egburu ndị ntaakụkọ BBC"" ka mwakpo a kwụsịrị. Obianinwa sị: "" Ọ bụ ugbua ka Mbaka sị ka anyị pụọ tupu ndị otu ya egbuo anyị. Ọ gwara ha nye anyị ngwa ọrụ anyị. Ha chụpụrụ anyị n'ebe ahụ. Ndị otu ya so anyị n'azụ ruo oge anyị hapụrụ Enugu ịchọ ọgwụgwọ na enyemaka ndị uweojii."" Ha mechara nyeghachi ha igwe onyonyo ahụ na ekwentị ma dupụ ha n'ogige ha dị n'Emene. Fr Obiekezie kwukwara otu ihe ahụ. Ọ gwara BBC Igbo na ya gara gwa Fada Mbaka isi ije ndị BBC. Ọ sị na Mbaka kwere nkwa na ọ ga-aza ha ma o mecha adọration mana ọ tụgharịrị gosiwa ha iwe."" Fr Obiekezie, sị na ya bụ enyi Mbaka, na BBC Igbo nweburu mkparịtaụka ebe ọ katọrọ Mbaka maka ụfọdụ okwu ndọọndọọ ọchịchị  ọ na-etinye ọnụ na ya, nke o kwuru na o kwesịghị ekwesị. Father Mbaka bụ ụkọchụkwụ ụka Katọlịk a ma ama na Naijiria maka  amụma ọ mara tupu Ntuliaka 2015 na Muhammadu Buhari ga-emeri aka na-chị Naijiria oge ahụ bụ Goodluck Jonathan. Maazị Ugwuoke sị na Mbaka Adoration Ministry akpọghị BBC ịbịa ịgba Mbaka ajụjụ ọnụ; mana ndị ntaakụkọ BBC sị na onye du ha gaa ebe ahụ gwara Mbaka na ha na-abịa. Akwọkwọ mgbasaozi o wepụtara sị na ndị BBC batara ka ndị amaghị ndi ha bụ ma na-esi onyonyo na nzuzo, mana ndị ntaakụkọ BBC kwụsịrị ike na ha emeghi etu a ma ncha. Akwụkwọ ahụ sịka na Fada Obiekezie bụ bụ onye ya na Adoration Ministry adịghị na mma naka mkparịtaụka ya na BBC mere."	https://www.bbc.com/igbo/afirika-55252934
