business	Tshisekedi akutani na emir ya Qatar mpe bikolo mibale batie manzaka na mambi ma mpepo mpe mabongo	Qatar endimi kosunga RDC na boyokani mpo etali kobongisa mambi ma mpepo, mabongo mpe makambo masusu, na bokutani ya emir ya Qatar Cheikh Ramin Bin Hamad na président Félix Tshisekedi na Doha. Cheikh Tamin Bin Hamad, emir ya Qatar akutani na président Félix Tshisekedi mokonzi ya Ekolo Congo démocratique mpe motambwisi ya Union africiane, na Doha engumba mokonzi ya Qatar. Emir ya Qatar alobi ete asengi na ekolo na ye makoki mpo kokolisa bondeko kati na mboka na Ekolo Congo démocratique. RDC na Qatar batie manzaka na boyokani mpo na kosala elongo na mambi Kobongisa maye matali misala mya mpepo, ya mabongo mpe kokolisa boyebi bayi RDC. Boyokani bwango botali mpe nkita, mombongo mpe misala misusu. Masolo ma bango mazalaki mpe mpo boyokani na Union africaine mpe bolamu ya ngambo ibale.	https://www.voalingala.com/a/tshisekedi-akutani-na-emir-ya-qatar-mpe-bikolo-mibale-batie-manzaka-na-mambi-ma-mpepo-mpe-mabongo/5832452.html
politics	Emmanuel Ramazani alobi PPRD eza’kosenga boyokani yambo na kotinda bato na CENI	"Emmanuel Ramazani Shadary alobi PPRD, lingomba lya mokonzi ya kala, Joseph Kabila, ekotinda te balakisi bilongi na CENI soki boyokani bozali te na boponi ya bakambi ya misala mya ponami mya mboka. Kalaka mokambi to Secrétaire permanent ya PPRD (Parti du peuple pour la reconstruction et la démocratie) alobi yango nsima na bokutani ya lingomba na ye na Kinshasa. ""Biso PPRD tomoni ete boyokani bozali nanu te. Mokano mozali polele. PPRD ezali te na ngonga eye na boponami ya baye basengeli kokende na CENI,"" ebeti sete M. Ramazani. Kalaka mokambi ya PPRD akundoli ete makambo mazali ndenge moko na maye masalamaki mobu moleki ntango moyi lingomba na ye, Jeanine Mabunda, azalaki kokamba Assemblée nationale. Mokonzi ya mboka Félix Tshisekedi aboyaki kondima boponami bwa Ronsard Malonda nsima na bozangi boyokani kati na bakambi biyamba. Lokola mbala wana, motoba kati na bakambi biyamba bandimaki nde M. Malonda kasi mibale baboyaki mpe bato bakitaki o’balabala. Mbala eye kaka bakambi moko wana bandimi nde Denis Kadima. kasi ba katoliko (CENCO) na ECC baboyi. FCC (Front commun pour le Congo) liboke lya mangomba mazali nsima na M. Kabila, esi etindaki mokanda na mokambi ya Assemblée nationale mpo na kopesa makanisi ma yango ya koboya kotinda bato na CENI soki boyokani bozali te. Mangomba misusu ma politiki mpe maboyi yango lokola Ensemble pour la république ya Moïse Katumbi, UNC (Union pour la nation congolaise) ya Vital Kamerhe mpe Lamuka ya ngomba ya Martin Fayulu na Adolphe Muzito."	https://www.voalingala.com/a/emmanuel-ramazani-alobi-pprd-eza-kosenga-boyokani-yambo-na-kotinda-bato-na-ceni/5998965.html
sports	Bismack Biyombo basketteur ya NBA apesi million $ moko ya ba masques na RDC	Bismack Biyombo, basketteur congolais ya NBA na Etats-Unis apesi ba masques ya misolo millions moko ya ba dollars mpo na mboka na ye awuta Ekolo Congo démocratique na ntina ya kobundisa coronavirus ya sika (COVID19). Kolanda fondation ebangami na nkombo na ye Bismark Biyombo, mosani oyo ya Charlotte Hornets atindi ba containers minei ya ba masques nkoto zomi mpe na bilamba ya kobatela nzoto nkama sambo na tuku mwambe. Crise tozali komona nanu tomona yango te. Kotala ndenge mboka nga ezali komonyokwama na lolenge ya makasi boye, elobi Biyombo. Mobeti basket oyo akanisi ete esengeli kozwa bisaleli mingi ya bokolongono mpo na système sanitaire ya RDC ebebisama uto mibu mingi likolo na bokono mingi lokola Ebola mpe malaria oyo bopesanaka kowuta na moto mosusu. RDC esi ezwi bato 267 baye bayebani kozala naCOVID-19, 22 bakufi mpe 23 babikisami, kolanda INRB, Institut national ya recherches biomédicales.	https://www.voalingala.com/a/bismack-biyombo-basketteur-ya-nba-apesi-million-moko-ya-ba-masques/5374998.html
health	Moto wa yambo amonani na COVID-19 na VOA	"Mosali moko ya VOA (The Voice of America) azwami na coronavirus ya sika na Washington D.C, elobi bakonzi ya media international oyo. ""Tozwi sango ete mosali moko ya VOA azwami na COVID-19, ye nde moto wa yambo ayebani,"" ekomaki directrice ya VOA,, Amanda Bennett na mokanda atindeli basali. Kolanda sango na ye, bato batano basalaki test mpo bazalaki na mwa bilembo kasi kaka moko nde azwami na yango siko. Oyo azwami na bokono bwango amonanki mbala ya suka na mosala le 11 mars 2020. Ayokaki nzonto malamu te, azongaki ndako mpo na koluka lisalisi mpe kotalisa nzoto, ebakisi service ya relations publiques ya VOA. Kolanda Mme, mokoni mwango azali kozwa lisalisi. Wuto mposo moko na ndambo, VOA etindaki basali na yango banso kosala wuto ndako na bango. Kaka muke nde bazali na ba bureaux. Mme Bennette asalaki vidèo mpo ko yebisa balandi to batali banso ete VOA ekokoba komemela bango sango lokola momesano ata basali bakobanda kotinda yango uto ndako na bango. Na Washington D.C., engumba mokonzi ya Etats-Unis, bato 102 bazwami bokono bwango, bato basatu bawei. Na Etat ya Viriginia, koleka bato 69 nde bamonani na yango, bato 3 bafuki, moko abikisami. Na Maryland, Etat mousu ezinga D.C, koleka 54 nde bazali na yango, misato bawei mpe minei babikisami. Bato 38.757 nde bazwi na yango na Etats-Unis mobimba, 400 bakufi mpe 178 babikisami. Koleka bato 100 nde bakufi wuto mokolo ya mposo. New York nde eleki. Ezali na bakoni 22.217 mpe bawei 114."	https://www.voalingala.com/a/moto-wa-yambo-amonani-na-covid-19-na-voa/5340358.html
politics	Tshisekedi akomi na Bruxelles	Président Félix Tshisekedi akomi na Bruxelles, na Belgique mpo na mombembo na ye ya yambo na Europa wuta akota na bokonzi. Akozala na Belgique mikolo minei mpe akokutana na bakonzi ya eloko eye mingi mpenza Premier ministre, ministre ya mambi ya bapaya mpe mokonzi to nkumu ya Belgique. Masolo masusu makozala na baye batiyaka mosolo na bokeli ya misala, baye ya mines (makele) mingi mpenza ya diamant mpe na bana ya Congo bavandaka na Belgique. Nsina na Belgique, Félix Tshisekedi akokita na Assemblée générale ya Nations unies na New York, na Etats-Unis. Mobembo ya président ya Félix Tshisekedi mozali kosala ntango likambo ya misolo milioni zomi na mitano miye mizala komonona te, lizali kongala. Nzonkande Félix Tshisekedi ayambaki na nsima ya moisi moleskin mokambi ya Inspection générale ya finances (IGF) mpo na yango, kasi azali naino na Kondima na dircteur ya cabinet na ye Vital Kamerhe, oyo atangami mpo likambo yango, eyebisi molobeli ya mokonzi ya RDC, Kasongo Mwema Yamba Yamba. Molobeli ya mokonzi ya mboka akomi na post Twitter moko ete Félix Tshisekedi avandi kimya te mpo soni kasi mpo na kotosa mikano ya democratie, lokola likambo yango lisili limemamaki liboso ya procureur ya république.	https://www.voalingala.com/a/tshisekedi-akomi-na-bruxelles-/5085712.html
sports	Champion du monde ya boxe Jr. Ilunga akomi na Kinshasa	"Champion du monde ya boxe ya WBC Silver, catégoie lourds léger, Junion Ilunga Makabu akitaki vendredi na Kinshasa. Ayambamaki na bakonzi ya fédération de boxe. Bato bayike bapesaki ye losako na nzela ntango azalaki kokatisa engumba mokonzi ya RDC nsima na bobimi na libanda ya mpepo. Tokutandola ete mokonzi ya mboka Félix Tshisekedi apesaki ye losako. Président Tshisekedi akomaki na Twitter ete Junior Ilunga azali ""ndagisa mpo na ba Léopards mikolo miike yambo na CAN 2019"". ""Ozali lolendo ya Congo démocratique,"" elakisi Tweet ya #PrésidentRDC. ""Longonya na Junior Ilunga, elombe ya molongo ya lourds légers WBC. Moko na bilembo ya lokumu ya koleka ya Noble Art,"" ebakisaki Tweet esalamaki le 17 juin nsima na elonga ya mobeti bitobu. Junior Ilunga alongaki o’mokolo ya le 16 juin 2019 etumba liboso ya mobeti bibotu to boxeur ya Russia Dmitry Kudryashov na KRK Ouralets ya Lekaterinbourg na Russia. "	https://www.voalingala.com/a/champion-du-monde-ya-boxe-jr-ilunga-akomi-na-kinshasa/4968967.html
politics	Police ebengani balandi ya Fayulu	"Ba policiers babengani balandi ya candidat Martin Fayulu basanganaki liboso ya Cour constitutionnelle na Kinshasa epayi wapi opposant eye akendaki kotika recours na ye mpo na koboya elonga ya Felix Tshisekedi esakolamaki na CENI le 30 decembre moleki. Ba policiers ba bengani bango na banzete. ""Tozuwi mobeko ya kotika balandi ya Fayulu baleka te,"" eyebisi moko ya bapoliciers. Kasi Martin Fayulu ye moko azwaki nzela ya koleka. "	https://www.voalingala.com/a/police-ebengani-balandi-ya-fayulu/4834197.html
business	Katumbi alongi bosambisami mpo na kozongela misala ya mines na MCK	"Moïse Katumbi abandi o’mokolo ya mercredi 21 février 2020 komilengele mpo na kozongela société minière na ye, MCK (Mining company Katanga) na Lubumabshi nsima mokano ya Cour ya cassation ya France oyo epesi ye lisusu mpifo likolo na yango na kobotola yango na Necotrans oyo etakamaki. ""Cour ya cassation ya République ya France ekati mpo na libela, ezongisela na maboko ya Moïse Katumbi mpifo na ye likolo na société MCK,"" elobi Me Mumba Gama, moko na ba avocats ya mokambi oyo ya kala ya etuka ya kala ya Katanga. Kolanda mosambeli ya M. Katumbi, Neoctrans epesaki kaka 20 millions ya ba dollars na esika ya kofuta 140 millions ya ba dollars ya motuya ya MCK. Mpo na Me Mumba, Necotrans epesaki na moyibi makoki ya MCK na Octavia, société ya moyi mombongo ya ekolo France Pascal Beveraggi. "	https://www.voalingala.com/a/katumbi-alongi-bosambisami-mpo-na-kozongela-misala-ya-mines-na-lubumbashi/5285530.html
politics	Bitumba ya Tshisekedi na Kabila bingali libanda lya mboka	"Lokola kati na mboka, bitumba kati na président Félix Tshisekedi na mokonzi ya kala Joseph Kabila bizali mpe kongala libanga lya mboka. Bango babale batindi mampinga na bikoloa biike bya pabaya na ntina ya koluka lisungi. Moko na basungi ya M. Kabila, Barnabé Kikaya asakoli ete na ngambo na bango, M. Kabila atindi mokanda mpo kolakisa na Kalaka mokonzi ya ONU mpe banoko (parrains) banso ya boyokani mpe na bikolo binso ya SADC. ""Tobandaki capagne diplomatique. Joseph Kabila atindaki mokanda ya pole na Kalaka mokonzi ya Nations unies, na ba parrains banso ya boyokani mpe na bikolo binso ya SADC. Ezali ma eyano te libanda na boyokani,"" elobi M. Kikaya na Twitter. Bayi ngambo ya M. Tshisekedi balobi ete ezali mpo na kotelema campagne eye nde mokonzi ya mboka atindi balakisi bilongi na Egypte, na Rwanda mpe na Kenya. ""Bakokende bisika binso. FCC ekoki koloba nyonso elingi. Bato banso bamoni ete mboka ekangami,"" elobi mosungi moko ya M. Tshisekedi. Suka ya mposo moleki, lipinga moko ya basungi ba M. Tshisekedi ekutanaki na Paul Kagame, mokonzi ya Rwanda, na kigali. ""Bolobi Union sacrée (Liboke lisantu) ? Na Bemba, Katumbi, bato baye bokosaki lobi, baye bakoki kobwakela ye bouée de sauvetage (libaya ya lobiko) ntango azali komela mayi kati na bangando bzalaka nzinga nzginga na ye na bowangani ? Mawa na moto azali kozinda! Ekoki asekama soki ezali te likambo lya mpasi."" ekomi na Twitter M. Kikaya. Bayi FCC baboyi boyoki bato M. Tshisekedi azali kosala. Bayi FCC balobaki o’mokolo ya eyenga na liyebisi ya suka ya likindo lya mposo moko, ete boyoki bato président Félix Tshisekedi azali kosala botali bango te. FCC ezali kopamela boyoki bato boye mpo bozali koluka kotia majorité ya sika. Bayi FCC balobi majorité mawutaka na maponami. Bazali kopamela bayi CACH, lingomba lya M. Tshisekedi na koluka kosomba bakeli mibeko na ntina ya kosala majorité ya sika. Mpo na bango, esengeli kosala maponami masusu na bitapi binso. FCC elobi ete matata mazali te kati na mbulamatari na Parlement. Kasi matata mawuti na botiami bwa bazuzi consitutionnels basato na mokonzi ya mboka na bobuki mobeko. Président Tshisekedi azali koyoka bato na ntina ya koluka mopepe ya sika nsima na kosakola ete matata mazali kati na CACH na FCC mpe mapekisi mboka kokende o'boso."	https://www.voalingala.com/a/bitumba-ya-tshisekedi-na-kabila-bingali-libanda-lya-mboka/5654441.html
politics	Thambwe Mwamba atiki mosala	Alexis Thambwe Mwamba atiki mosala na ye bo’ mokambi ya Bureau ya Sénat. Akomi yango na mokanda atindi na Sénat ntango esengelaki ete ba Sénateurs batala vendredi ba p 130titions to nkasa ya baye basali kosenga ye na Bureau Mobimba kolongwa. Alexis Thambwe Mwamba, moko na bayi FCC, alobi amoni ete bondimami kati na ye na baike na ba Sénateurs basusu mpe lisusu, mpe lisusu botiami bwa Bureau d’age bopesi ye lisusu nzela ya kosala te. Lobi loleki bakeli mibeko tuku motoba na minei bazalaki na likita lya kafukafu libengisamaki na kalaka mokonzi ya Sénat mpe batiaki nae sika Bureau d’agee ekambami na Léon Mamboleo oyo aleki ba Sénateurs basusu na mibu. Esalami mposo moko na ndambo nsima na bokweyisami ya Ministre wa yambo mpe mbumalamatari ekambama na bayi FCC, mpe sanza moko nsima na bolongoli ya Bureau ya Assemblée nationale ekambaki mpe lisusu na bayi FCC. Liboke lya sika, Union sacrée, lizali kokelama nzinganzinga ya mokonzi Félix Tshisekedi mpo na majorité ya sika nsima na bokabwani ya boyokani kati na CACH ya ba Tshisekedistes na FCC ya mokonzi ya kala Joseph Kabila.	https://www.voalingala.com/a/thambwe-mwamba-atiki-mosala/5766556.html
business	Katumbi azongeli compagnie na ye KMC na esika ya NB Mining	Moïse Katumbi azongeli compagnie na ye MCK (Mining Compagnie Katanga) na Lubumbashi na Haut-Katanga na esika NB Mining etiakamaki. Esalami nsima na mokano ya misala mya bosembo. Compagnie NB Mining Africa ya Pascal Beverragi, mosali ya kala ya MCK, ebimisami na esika ezalaki kala ya MCK. Bayi Moise Katumbi baloki ete misala mya bosembo misali na lolenge elongobani. Moïse Katumbi, mokambi ya kala ya etuka monene ya kala ya Katanga, moko na bakambi ba Lamuka (lingomba ya opposition) mpe mokambi ya Ensemble pour la république, abimaki RDC na 2016 ntango azalaki kotelemela mokonzi ya kala Joseph Kabila na kopekisa ye kozala na maponami mpo na kokoknza mboka koleka mbala misato. Moïse Katumbi afundamaki na nsima na yango mpo na kozala na ba mercenaires mpe mpo na kobotola ndako ya bato. Nsima na ye, NB Mining nde esalamaki mpe ezwaki esika ya MKC.	https://www.voalingala.com/a/katumbi-azongeli-compagnie-na-ye-kmc-na-esika-ya-nb-mining/5597840.html
business	Prince héritier ya Emirats alaki Tshisekedi kotia 1 milliards $ na RDC	Prince héritier ya Emirats Arabes unis Ben Zayed Al-Nahyane alaki kotiya milliard moko ya ba dollars na misala na Ekolo Congo démocratique. Ayambaki mokolo mwa eyanga président Félix Tshisekedi ya RDC oyo azali na mobembo na Emirats Arabes unis wuta mokolo mwa mposo mpo na masolo na ntina ya koluka misolo ya kosunga kotonga mboka na ye, ekolo Congo démocratique. Mokambi molandi ya mampinga ya Emirats azalaki mpe na masolo ma bango, maye matalaki mpe boyokani mpe botieyi misolo na kotonga, na lotiliki, bokolongono, ba mines mpe bokengi. Président Tshisekdi akutani o’mokolo yambo na limpinga lyoko lya Chambre du commerce ya Adu Dhabi. Bayi mombongo bayebisi ete balingi mombongo kati na bikolo mibale mikola. Limpinga lyango lilaki kokita na Kinshasa mikolo mikoya.	https://www.voalingala.com/a/prince-h%C3%A9ritier-ya-emirats-alaki-tshisekedi-kotia-1-milliards-na-rdc/6266071.html
politics	Liwa lya Attanasio: Ba FDLR bawangani mpe bafundi ba FARDC na RDF (mampinga ma Rwanda)	"Batomboki ya FDLR ya Rwanda bapameli mampinga ma bikolo ya Rwanda mpe Congo démocratique na liwa lya ntoma ya Italie Luca Attanasio, o'mokolo mwa yambo, na Kibumbam na Nyirangongo, Na Nord-Kivu. ""Ntoma Luca Attanasio azwaki masasi na esika ebengami 'trois antennes' pene na Goma na ndelo na Rwanda mosika te na epayi ba FARDC na DRF mampinga ma Rwanda bazalaka. Bango nde esengeli kolandela,"" elobi ba FDLR na liyebisi na bango. Ba FDLR Bawangi ete bango nde babomaki ntoma Luca Attanasio lokola mbulamatari ya Ekolo congo démocratique efundaki bango nsima na liwa lyango. Ntoma Luca Attanasio, na mibu tuku minei na misato, akufaki nsima na kozwa masasi elongo na mobateli wa ye mpe na motambwisi ya motuka na ye na molongo ya mituka ya PAM (Mabongisi ma molongo mpo na Bilei) na pene na ndelo na Rwanda. Ba FADRL ""basengi na liyebisi na bango ete bakonzi ba RDC na MONUSCO baluka mpenza pole mpo etali mokumba ya bobomi boye na esika ya kofunda"" bango ""na lombango"". "	https://www.voalingala.com/a/liwa-lya-attanasio-ba-fdlr-bawangani-mpe-bafundi-ba-fardc-na-rdf-(mampinga-ma-rwanda)/5789383.html
sports	RDC elongwe na Coupe du monde ya Handball ya basi	Ba Léopards ya basi ya équipe nationale ya RDC ya handball bakweyisami 12-25 liboso ya Argentine o’mokolo mwa mitano (6 décembre 2019) mpe babendi mokila ya groupe D na coupe du monde na Japon. O’mokolo mwa minei balongaki 25-23 liboso ya Chine. Yango nde elonga moko oy bazwi na momekano moye. Russie, Suède mpe Japon nde baleki na tour principal Vendredi: Russie - Suède 30 - 22 Argentine - RD Congo 25 - 16 Japon - Chine 35 - 18 Classement: Pts J G N P bp bc dif 1. Russie 10 5 5 0 0 158 91 67 2. Suède 8 5 4 0 1 144 114 30 3. Japon 6 5 3 0 2 136 121 15 4. Argentine 4 5 2 0 3 124 133 -9 5. RD Congo 2 5 1 0 4 86 137 -51 6. Chine 0 5 0 0 5 100 152 -52 Match esili ebetami: Suède - Argentine 30 - 23 Japon - Russie 23 - 33 RD Congo - Chine 25 - 24 Suède - Japon 34 - 26 Chine - Argentine 28 - 34 Russie - RD Congo 34 - 13 Chine - Suède 19 - 32 RD Congo - Japon 16 - 28 Argentine - Russie 22 - 35 Suède - RD Congo 26 - 16 Russie - Chine 26 - 11 Japon - Argentine 24 - 20	https://www.voalingala.com/a/rdc-elongwe-na-coupe-de-monde-ya-handball-ya-basi/5196138.html
business	Sassou afungoli usine ya kobongola cuivre na Bouenza	Misala ya kobongola cuivre (motako) mikobanda na M’Fouati, na département ya Mboueza, nsima na président Denis Sassou N’Guesso kofongola misala myango na Soremi (Société de recherche et d’exploitation minières) o’mokolo ya mibale. Motango ya misolo mikoti na botongi ya usine ya kobongola motako na Soremi mizali pene na milliards mitano ya ba CFA. Kino yambo na misala miye, Soremi ezali kobimisa koleka 15.000 tonnes ya cuivre na mobu moko. Makele to minerais yango ezalaki kotindama na mboka ya bapaya na nzela ya libongo ya Pointe-Noire.	https://www.voalingala.com/a/sassou-afungoli-usine-ya-kobongola-cuivre-na-bouenza/5183349.html
sports	Ilunga Makabu, champion du monde ya Boxe	Junior Ilunga Makabu, ya ekolo Congo démocratique, azuwi nkamba ya elombe ya molongo ya Boxe ya WBC Silver. Alongi o’mokolo ya eyenga etumba liboso ya mobeti bibotu to boxeur ya Russia Dmitry Kudryashov na KRK Ouralets ya Lekaterinbourg na Russia. Mwana ya Congo démocratique Ilunga Makabu alolngi na makalekale (K.O). Kudryashov akweyisamaki na ba round ya liboso, kasi nsima na mwa ngonga ya etumba, arbitre akataki etumba mpo moto ya Russia abungisaki mayele kasi akilaki ya kotelema (K.O débout). Ezali bongo elongo ya 22e na K.O mpe 23e elonga na ye na niveau ya ba professionnels. Balonga ye mbala mibale. 	https://www.voalingala.com/a/ilunga-makabu-champion-du-monde-ya-boxe/4962706.html
sports	"Ba Léopards na ""Seleccion"" ya Espagne na finale ya tournoi ya Malaga"	"Ba Léopards seniors ya basketball ba kobeta finale na ""Seleccion"" ya Espagne ya tournoi ya Malaga o’mokolo ya mposo. Match yango ekobetama na 22h, ngonga ya Paris.  Basani ya RDC balongaki yambo ba Tri-stars ya Philippines 82-71 na mokolo ya yambo ya tournoi eye. Tokundola ete ezali na molongo ya 30 na basketball ya mokili mobimba.  "	https://www.voalingala.com/a/ba-l%C3%A9opards-seleccion-ya-espagne-na-finale-ya-tournoi-ya-malaga/5037096.html
politics	Haute cour militaire eboyi kobengisa Kabila na basusu na bosambisami ya liwa lya Chebeya	Haute Cour militaire ebwakisi bosenga ya bafundi ya komona mokonzi ya kala Joseph Kabila na bato basusu batangami na bobomi ya Floribert Chebeya na Fidèle Bazana koyanola na bazuzi. Haute cour militaire ezongisi epusi mpe le 26 janvier bobandeli ya bosambisami. Basambeli ya bafundi (parties civiles) basepeli te na mokano ya Haute cour, elobi Me Richard Bondo. Mpo na Me Richard Bondo, mokambi ya Haute cour azwi mokano motali bazuzi basusu te kasi mozali nde kaka mayele maye. Ba avocats ya bafundi balobi bakosenga ete Haute cour militaire epesa ekateli na yango o’mokolo mwa le 26 janvier. VSV (La Voix de Sans Voix) lingomba lya makoki ma bomoto nkondo Floribert Chebeya akelaka mpe akambaka kino liwa na ye, esengaki mpe bosambisami ya Joseph Kabila na bato basusu major Paul Milambwe atangaki. Major Milambwe azalaki kosala na secretariat ya mokambi ya police ya ntango wana, general John Numbi mpe alobaka ete amonaka na camera ya surveillance lolenge naninga baye babobamaki MM. Chebeya na Bazana na Inspection générale ya police na Kinshasa. Major Milambwe abakisaki na bosambisami ete M. Kabila nde atindaki bobomi yango na général Numbi, na bato basusu.	https://www.voalingala.com/a/haute-cour-militaire-eboyi-kobengisa-kabila-na-basusu-na-bosambisami-ya-liwa-lya-chebeya/6403676.html
business	Etats-Unis elongoli motango ya $250 ya visa non-immigrant mpo na ba Congolais	"Ambassade ya Etats-Unis esakoli ete bana ya ekolo Congo démocratique bakofuta lisusu te $250 ya misolo mpo na visa non-migrant. Kasi bakofuta $160 mpo na visas ya tourisme to business, eyebisii ambassade ya Etats-Unis. Ezali ""mokano Etats-Unis ezongiseli RDC"", kolanda lisakoli ya Etats-Unis. ""Boyokani bwa biso (USA-RDC) ya makasi bopesi nzela na mbongwaka boye,"" ekomi ambassade na compte Twitter na yango. Ambassade ya Etats-Unis elobi mpe lisusu ete consule na yango Chrsitne Fagan azali kopesa passeports na baye basengaki kosala mobembo. Kasi ambassae ya Etats-Unis ekebisi baye basalaki mobembo na Chine na mikolo 14 mileki mpo bokoti bwa bango na Etats-Unis bopekisami mikolo miye likolo ya bokono bwa coronavirus. Meko moye motali te baye bazalaki na Hongo Kong mpe Macao, esakoli ambassade ya Etats-Unis. Président Félix Tshisekedi azali na Etats-Unis wuto mokolo mwa eyenga mpe akutanaki na secrétaire d'Etat Mike Pompeo o'mokolo mwa mibale. M. Pompeo alakaki lisusu lisungi ya Etats-Unis na misala ya M. Tshisekedi."	https://www.voalingala.com/a/etats-unis-elongoli-motango-ye-250-ya-visa-non-immigrant-mpo-na-ba-congolais/5315446.html
politics	Mokambi ya diplomatie ya France azelami na Kinshasa le 20 mai	"Président Félix Tshisekedi akoyamba ministre ya mambi ya bapaya ya ekolo France, Jean-Yves Le Drian o’mokolo ya le 20 mai, eyebisi nzinganzgina ya mokambi ya diplomatie ya mboka mona. M. Le Drian ""akosakola bomipesi ya France… na transition na RDC mpe na mokonzi aponami na janvier,"" elobi baye nzinganzinga ya ministre ya mambi ya bapaya ya France. Nzokande M. Le Drian abengaki boponami ya M. Tshisekedi ""boyokani ya lolenge ya bana Afrika"". Boyambami na ye bokosalama nsima na bokutani mpe masolo ya président Emmanuel Macron ya France na M. Tshisekedi na mars na Nairobi. Mokonzi ya sika ya RDC azali kozongisa boyakani na bikolo bisusu. Mardi, ayambi lipinga moko ya Belgique mpe vendredi, ya Rwanda."	https://www.voalingala.com/a/mokambi-ya-diplomatie-ya-france-azelami-na-kinshasa-le-20-mai/4918572.html
business	FMI elobi kokitisa budget ezali malamu	"FMI (Fonds monétaire international) etalisi kobanga na yango lolenge bosaleli budget ya RDC ezali kokende mpe ekanisi ete ekozala malamu kokitisa budget. ""Lolenge budget esalelami kino kati kati ya sanza ya février ezali kopesa bobangi likolo ya bozito etiyami likolo ya ba dépenses mpe mpo na faible perfomance ya ba recettes,"" ekomi na liyebisi motalisi elongi ya FMI na RDC. Bozito yango ""bomemi bodefi mbongo na banque centrale mpe libulu kati ya ba réserves internationales ya BCC (Banque centrale ya Congo),"" eyebisi lipinga ya FMI. FMI esengi bakonzi ya RDC kotika kodefa misolo na BCC mpe kozongisa miye mizwamaki. Mpo na FMI, plan ya trésorerie ministre oyo Finances abimisaki na février ezali réaliste (malamu). Plan yango elobaki mosolo mokoti moke mpe esengeli l’Etat esalela kaka 5,45 milliards $. Kolanda mobeko ya finances ya 2020, budget ezali ya 10,59 milliards $ mpo na population ya pene na 80 millions ya bato, 2/3 babikaka na pene na dollars mibale na mokolo."	https://www.voalingala.com/a/fmi-elobi-kokitisa-budget-ezali-malamu/5305751.html
health	Bato 41 bazwami na COVID19 na boloko ya N'Dolo	"Bato 41 bazwami na COVID19 ya Ndolo na Kinshasa, eyebisi ministre ya Bokolongono, Dr. Eteni Longondo. Bazali kati na 73 bakoni basika mpe 9 kati na ba Congolais baye bazongaki wuta Duabï mposo moloke mpe bazwi COVID19. Na RDC, motango mwa bato banso bazwani na bokono boye mokomi 572. ""Eza mpasi mpo bato 41 bazwami na COVID19 na boloko boye. Totie bango na pembeni kuna na boloko mpo botalami mpe tokosala mpe tokosala test na bato banso batikali,"" elobi Dr. Eteni. Ministre ya bokolongo asakoli ete boloko bwango bosukolama nkisi lokola mpe boloko bonene ya Makala na Kinshasa. Ndenge bato baboloko baye bazwi bokono bwango eyebani kasi ministre ya bokolongo apameli bato bakenda kotala mpe koteka biloko na bato baloko. Mpo na ye, mikano ya kopekisa bokoti ya bato balimba misengeli kotia na mosala na bokengi mbonso. Ministre ya mambi ya Bosembo mpe Garde des sceaux, Célestin Tunda alobi ete manso mazali kosalama mpo ete bato baboloko baye bazali na etumbu ya makasi te babimisama. Pene na bato 2.000 basi babimisamaki sanza eleki na boloko ya Makala oyo ezalaki na pene na bato 9.000. Nzoka bato bazwami na COVID19 na RDC bakomi 572. Bato bakufi na ekolo mobimba bakomi 31 mpe baye babikisami, 73. 9 kati na ba Congolais baye bazongaki wuta Duabï mposo moloke mpe bazwi COVID19. Pene na 200 Congolais baye bazongaki mboka kowuta na Dubaï bazali na botalami na ba hôtel, elobi Dr. Eteni. Moto mosusu ya sika azwami na Kasindi, na Nord-Kivu pene na Ouganda."	https://www.voalingala.com/a/bato-41-bazwami-na-covid19-na-boloko-ya-n-dolo/5400949.html
sports	CAN 2019 : RDC ekweyi 0-2 liboso ya Ouganda	Ba Léopards ya RDC bakweyi na bokoti na bango na phase finale ya CAN 2019 liboso ya ba cranes ya Ouganda, na Caire, na Egypte. Emmanuel Okwi abakasaki mongete ya mibale mpo na ba Cranes ya Ouganda na 38'. Lokola mongete ya liboso, ya mibale etiyami na moto nsima na coup franc. Na 15e', Patrick Kaddu ya Ouganda afungolaki mongete na 15’ na moto nsima na coup franc ebetamaki na Farouk Miya. Kaka se Parick Miya ye mpe abetaki coup franc ya mibale eye ememaki but ya mibale. Ba Léopards bazalaki mingi kozela ntango ba attaquants ya Ouganda bazalaki ko attaquer, na 1e mi-temps.	https://www.voalingala.com/a/can-2019-rdc-1-0-ouganda-(en-direct)/4969683.html
health	Sassou akoti na bomikangami nsima na basungi ba ye kozwama na COVID-19	Président Denis Sassou N’Guesso amikotisi na bokangami wuto mokolo mwa eyenga nsima baike na basungi baye kozwama na bokono bwa COVID-19. Liyebisi lya ndako ya mosala ya mokonzi ya Congo-Brazzaville lilobi ete botalisi nzoto bominisi Sassou N’Guesso ye moko na COVID-19 te kasi lilobi te soki akowumela ntango boni na bokangami. Ministre ya mambi ya Bapaya Jean-Claude Gakosso nde alakisaki elongi na ye na likita Turquie-Afrika mposo moleki na Ankara. Sassou N’Guesso azongisi nsima mobembo akingaki kosala na Pointe-Noire. Mbulamatari ya Congo ekitisaki mwa moke mikano ya kobomba ekolo na COVID-19. Couvre-feu ekomi wuto 23h kino 5h. Milulu minso ya mbala mizongisami .	https://www.voalingala.com/a/sassou-akoti-na-bomikangami-nsima-na-basungi-ba-ye-kozwama-na-covid-19/6362236.html
sports	Elombe ya bibotu na molongo Ilunga Makabu alongi Papin ya Russie	Junior Ilunga Makabu ya Congo démocratique alongi na bilembo mwana ya Russia Aleksei Papin o’mokolo ya mposo, na Traktor Sport Palace, na Chelyabinsk (Russia). Babeti bibotu baye babale bazali ya catégorie lourd léger, bobundaki mpo na WBC (World Boxing Council) Silver Junior. Na suka ya bitumba biye ya makasi, zuzi ya yambo apesi Jr. Ilunga bilembo 113 mpe basusu babale, 115. Nzokande bazuzi banso bapesi Papin 113. Kolanda Boxing on BT Sport, babeti bibotu babale baye bamipesaki makasi kasi Jr. Ilunga alekaki, na maloba ya bazuzi. Le 16 juin 2019, Jr. Ilunga Makabu alongaki moye ya Russia mosusu Dmitry Kudryasahov na Afrique du Sud mpe azwaki nkamba ya elombe ya molongo ya boxe (bibotu) ya WBC Silver Junior ya ba lourds légers. 	https://www.voalingala.com/a/elombe-ilunga-ya-bibotu-na-molongo-alongi-moye-ya-russie-papin/5055578.html
politics	Bilenge ya Kabila balobi bazali bomoko na bato ya Beni	"Bilenge baye bazali nsima na mokonzi ya kala Joseph Kabila balobi ete bazali na bomoko na bato bazali kozwa likama ya bobomami ya ba ADF na Beni, na Nord-Kivu. ""Jeunesse kabiliste etelemi mpo koboya bobomami na Beni,"" ekomi lisanga na nkombo ya Jeunesse kabiliste na compte Twitter na yango. Bituluku kati na bango batambolaki o’mokolo ya le 22 décembre na banzela ya Kinshasa. ""Bilenge ya Kabila balingaki komonisa bomoko na bango na bato bavandi na Beni, baye bazali kokufa na bitumba ya mabe mangomba ya basimba minduki, banguna ya ekolo, bazali kosala,"" elobi vice-ministre ya Ressources hydrauliques mpe lotiliki na Actu-30.info. ""Bilenge balandaka Kabila bapesi matondi na 'excellence' mpo na 'leadership' (bokambi) mpe 'coaching' (botambwisi) na kopesa nzela na botamboli ya bokolongo ya le 22 décembre 2019. Esalamaki malamu,"" ekomi Jeunesse kabiliste mercredi le 25 décembre 2019 na Twitter. Batambolaki wuta Rond-Moulart na commune ya Bandalungwa kino Pullman Hôtel na Gombe. Bayi mbulmatari baye bazali na lingomba ya bilenge ya Kabila mpe batambolaki. Balobi ete M. Kabila alaki kotinda lipinga ya lingomba na bango na Beni mpo na komemela lisalisi mpe kokabola mpasi na baye ye esika eye. Uto suka ya novembre bato pene na 220 bamomami na machettes, mbeli mpe bibundeli misusu, na maboko ya baye bafundami kozala ba ADF na Beni, elobi archevé ya Beni-Butembo. Nzonkande Martin Fayulu na Adoplhe Muzito ya lingomba Lamuka (opposition) bazali na Beni wuto mardi.  "	https://www.voalingala.com/a/bilenge-ya-kabila-balobi-bazali-bomoko-na-bato-ya-beni/5220049.html
sports	Bokoti ya ba Léopards na CAN 2019 samedi na ba Cranes ya Ouganda	Ba Léopards ya Congo démocratique bakokutana lobi na ba cranes ya Ouganda na bokoti na bango na Coupe d’Afrique des Nations ya lisano ya ndembo eye ezali kobanda lelo na Caire na Egypte. Sélectionneur ya ba Léopards Florent Ibenge alobaki mikolo mibale mileki ete andimi ete équipe na ye ekoki kende kino na suka. Mpe capitaine Yousoouf Mulumbu ayebisika ete ba Léopards ya lelo bakoli mpe bakomi na expérince mpo kokende na finale mpe kalonga. Nzoka nde Moïse Katumbi, oyo azali moko ya baye ya CAF, asololi na bakambi ya limpinga ya ba Léopards kasi basani ya ndembo te mpo bakendi kopema. 	https://www.voalingala.com/a/bokoti-ya-ba-l%C3%A9opards-na-can-2019-lobi-ba-hirondelles-ya-ouganda/4968643.html
business	Bayi petololo balaki kotelemisa boteki wuto jeudi na Kasaï mpe Katanga ya kala	"Ba sociétés ya pétrole ya bituka ya kala ya Katanga mpe Kasaï balaki kotelemisa boteki mpe bokaboli bwa petololo na bango wuto jeudi le 6 août 2020 mpo na kosenga bomati bwa ntalo na pompe. Lingomba ya bayi petrole kati na FEC (Fédération des entreprises du Congo) lizali kosenga ete ntalo ya petrole elanda ndenge makambo manso mazali komata na mboka mpe na molongo. Bakomelaki ministre ya Economie le 30 juillet 2020 mpe balobaki ete bazali na nkwokoso nzambi na bokweyisami ya maye manso makotaka na ntalo ya petololo. Basengi na mbulamatari komatisa ntalo. ""Kino sika, lokola tozwi structure ya ntalo ya sika te, lobiko etikali mpo na entreprises epesaka petolo na maye manso masalami na yango na etando ya sud, kaka kotelemisa boteki mpe bopesi produits pétroliers wuto mokolo mwa jeudi 6 aouut 2020,"" ekomi bango na mokanda mwango. Mpo na ba compagnies baye, ntalo ya petololo ya nse ezali kozangisa bango misolo mingi. Le 7 mai 2020, nsima na koyokana na bayi petololo, mbulamatari esilaki kokitisa ntalo ya litre ya essence wuto 1760FC kino 1390FC, ya gasoil wuto 1750 FC kino 1450 FC mpe ya Jet A1 wuto 2168,01 FC kino 1647,93 FC. Ministère ya Economie elobaki bokitisami bwa 12% bwango bozalaki mpo na mbano mabe ya COVID19 na makambo manso mpe na mokili mobimba."	https://www.voalingala.com/a/bayi-petololo-balaki-kotelemisa-boteki-wuto-jeudi-na-kasa%C3%AF-mpe-katanga-ya-kala/5531934.html
health	OMS ekebisi mokili mpo na kobosana Ebola likolo ya Coronavirus ya sika	"OMS (Mabongisi ya molongo mpo na bokolono) ekebisi mokili kobosana Ebola mpo na bokono bwa Coronavirus ya sika boye bozali kongala na mokili kowuta na Chine. ""Esengeli te tobosana Ebola""… ""Tozali kozwa makasi na ndenge makambo mazali kokende mpo na tozwaki kaka bato misato na Ebola mposo moleki mpe ata moto moko te azwami na mikolo misatu miye,"" elobi na bapanzi sango mokambi ya OMS, Tedros Adhanon Ghebreyesus. ""Soki tozwi ata moto moko na mikolo 42, (elingi koloba ete Ebola) esili nanu te,"" ebeti sete Tedros Adhanon Ghebreyesus. Bokono bwa Ebola bobandaki mbala oyo na RDC na août 2018. Koleka bato 2.300 basili bakufi na bokono oyo bozali kongala na est ya Congo. Kolanda OMS, koleka bato 1.000 bakufi na Coronavirus ya sika, bato 42.000 nde bazwi yango mpe esi'ekoti na mboka 25. Coronavirus ya sika ebandaki na Yuhan na Chine."	https://www.voalingala.com/a/oms-ekebisi-mokili-mpo-na-kobosana-ebola-likolo-ya-coronavirus-ya-sika/5284274.html
business	Banque mondiale elaki Tshisekedi kofungola ba bureaux na Goma na Kananga mpe kobakisa misolo	"Mokambi ya Banque mondiale (BM) David Malpass alaki président Félix Tshisekedi kosunga ye na bokambi na ye. Ezalaki na bokutani na bango lundi na Washington. M. David Malpass asololaki o’mokolo ya yambo ya mposo na M. Tshisekedi elongo na bakambi ya bituka ya Kasaï central, ya Nord-Kivu, ya Sud-Kivu mpe ya Itrui na bureau ya Banque mondiale, na Washington. ""BM ezali kosala procédure ya sika. Ezali kokomisa makambo mwa pete. Ekofungola ba bureaux kati na mboka. Bureau moko na Goma mpo na bituka ya est ya RDC. Bureau mosusu na Kananga mpo na bituka ya katikati ya mboka,"" eyebisi na VOA Lingala Jean Bamanisa, mokambi ya Ituri. Bakambi ya bituka na M. Tshisekedi bapesaki na BM makanisi na bango kolonda linaka ya lisalisi ya litomba (Programmes d’actions prioritaires). Basengaki BM kosunga mpo na bozongisi bokonzi ya l’Etat na mboka yango ekosenga kobongisa misala ya bosembo, ba équipements mpe administration mpe mpo na komatisa nkita, banzela. ""Esengeli BM ematisa mbala mibale lisungi lya yango. Kino sika oyo tozalaki na 500 to 600 millions ya ba dollars ya lisungi mobu na mobu, kasi esengeli emata,"" elobi Bamanisa. M. Tshisekedi alongwaki Washington lundi na mpokwa mpo na kozonga Kinshasa nsima na mposo moko ya mobembo na Etats-Unis esika ayaki mpo na 74e Assemblée générale ya Nations unies. Awutaki na mobembo mosusu na Bruxelles."	https://www.voalingala.com/a/banque-mondiale-elaki-tshisekedi-kofungola-ba-bureaux-na-goma-na-kananga-mpe-kobakisa-misolo/5105991.html
business	Sassou asololi na bayi Italie ya ENI ntango Congo elingi kozwa terminal pétrolier ya Ndjeno na maboko	"Président Denis Sassou N’Guesso asololi na limpinga lya companie ya Italie ENI mpo na lolenge ya kokoba kozwa pétrole. Masolo mango masalami ntango esengeli Congo ezwa na maboko terminal pétrolier ya Ndjeno, na Pointe-Noire. Limpinga lyango limemamaki na bokutani bwango na DG ya ENI Alessandro Puliti na minsitre ya Congo ya ba Hydrocarbures, Jean-Marc Thystere Tchicaya oyo alimboli ete esengeli terminal ya pétrole ya Ndjebo (na Pointe-Noire) ezonga mobimba na maboko ma Congo le 18 novembre. ""Elingi koloba ete terminal eye esalelamaki na bokambami bwa consortium Total E&P Congo, misolo minso mitiamaki, misala minso msalamaki, ekozwama"" (na mbulamatari ya Congo Brazzaville), elimboli ministre Tchicaya. ""Kobanda le 18 novembre, terminal wana ekozala na 100% ya Ekolo Congo. Elingi koloba ete na bonsomi bonso, Congo ezali na makoki ya komituna nini ya malamu kosala, mpe lisusu nini ezali malamu mpo na mboka mpe komema nkwokoso te lisanga nyonso ya ba sociétés basalaka na terminal yango mpe babimisaka mbuma na ekolo Congo. Ndenge nini kosala mpo ete manso mazala na alima mpe terminal eye ekoba na kobimisa pétrole mpe bolamu ya mboka eyeba na komonana, mpe mingi kokoma malamu koleka oyo ezalaki kosalema,"" ebakisi ministre Tchikaya. Limpinga lyoko lya bayi Congo-Brazzaville lizala na mosala wuto sanza mingi mpo kokoma mikanda, kobongisa masolo na bato banso basala mabi ma pétrole na ntina ya kobongisa maye ekolo Congo ekosala na terminal eye. ENI SA ezali copmagnie ya Italie, ekelama wuto 1953 mpe elukaka, etalaka mpe ezwa pétrole. Esalaka mosala na Congo-Brazzaville wuto mwa mibu. Ministre Tchikaya ayebisi ete masolo na président Sassou mazalaki mpo na kotala ndenge nini ENI ekoki kotia mosolo mpo na kosalela pétrole kino 2021."	https://www.voalingala.com/a/sassou-asololi-na-bayi-italie-ya-eni-ntango-congo-elingi-kozwa-terminal-p%C3%A9trolier-ya-ndjeno-na-maboko/5605206.html
business	Washington elobi ekosunga RDC na 600 millions $	"Etats-Unis esakoli lisungi ya 600 milliions $ mpo na ekolo Congo démocratique kino 2022 mpo na kopesa maboko na mbogwana mosalami na mboka eye wuta bokoti na bokonzi ya président Félix Tshisekedi. Boyokani mpo na lisungi liye botiyamaki manzaka kati na mokambi ya USAID, Paul Sabatine mpe ministre ya boyokani na molongo ya RDC, Pépin-Guillaume Manjolo Buakila. ""Mbulamatari ya USA ezali kosunga mbongwana ya président Tshisekedi,"" elobi ntoma ya Etats-Unis na RDC, Mike Hammer na liyebisi ya ambassade. ""Lisungi yango ezali mpo na kopesa maboko na misala ya biteyelo, ya kokolisa nkita, ya bokolongono, ya bitumba na kanyaka mpe bokambi bolamu, ya kobatela environnement mpe aide humanitaire,"" elobi liyebisi. Boyokani boye bomatisi lisungi ya amerika na misala miye na $1,25 milliards $ wuto 2015, elakisi liyebisi. Na ngambo na yango, ekolo France elaki kopesa 71 millions ya ba euros mpo na mambi ya bokolongono. Président Emmanuel Macron asakolaki ntango ayambaki M. Tshisekedi o’libandela ya sanza ya zomi na moko, ete mboka na ye ekopesa 65 millions d’euros mpo na kosunga misala ya kotonga mpe kobongola RDC. Na sanza ya mitano na Kinshasa, ministre ya France ya mambi ya bapaya Jean-Yves Le Drian alakaki linaka ya 300 millions euros na bowumeli ya mandat ya M. Tshisekedi kino 2023. M. Tshisekedi azali kokamba na boyokani na mokonzi ya kala Joseph Kabila oyo azali na bato ebele koleka na parlement mpe na bituka 26. "	https://www.voalingala.com/a/washington-elobi-ekosunga-rdc-na-600-millions-/5175936.html
sports	Sadio Mané azoki mikolo 12 yambo na Mondial	Mosani ya Sénégal Sadio Mané azoki na ebolongo na ye na match club na ye, Bayern Munich, ebetaki mokolo mwa mibale 9 novembre 2022 na championnat ya Allemagne, mikolo 12 yambo na Mondial Qatar 2022. Sadio Mané, moko na basani Sénégal, ekolo na ye, ezali kotiela motema mpo na coupe du monde, asilisaki match yango te. Abimaki na 21e minute nsima na kotutana na bowoleli ndembo . Elobani te soki akokoma malamu yambo na coupe du monde to te. Sadio Mané, azalaki na molongo ya mibale na Ballon d'Or 2022 eye eleki. Alongaki Coupe d'Afrique eleki na sanza ya mibale, mpe azalaki finalsite ya Ligue des champions na Liverpool na sanza ya motoba yambo na kokota na Bayern Munich, Sénégal ekobeta match na yango yambo ya Mondil le 21 novembre na Pays-Bas. Ba Lions ya Teranga ya Sénégal bazali na groupe A na Watar epayi Mondial yango ekobetama, Pays-Bas na Equateur.	https://www.voalingala.com/a/6825845.html
health	Rwanda ezali kobanda mombongo ya bangi (cannabis) bo’ nkisi	"Mbulamatari ya Rwanda epesi ndingisa ete bangi to cannabis ebanda kolonama na mabele na yango na ntina ya kotekama libanda mpo na koselelama lokola mono. Mokano mwango mosalakolami nsima na likita lya mbulamatari lya mokolo mwa yambo ya mposo. Bakonzi ba Rwanda bakani ete mboka na bango esala mbongo mingi na wenze ya bangi eye epesameli ndingisa na bikolo mingi. ""Malona ya bangi lokola mono makomema misolo mingi,"" elimboli na télévision nationale ya Rwanda, ministre ya mambi ma Bokolongono, Daniel Ndamije. ""Moloni nionso esengeli azwa yambo ndingisa ya bakonzi ya mboka,"" abakisi. Bikolo mingi bandima bosalelami ya bangi bo’ mono. Epesamela mpe ndingisa na ba Etats mingi ya Etats-Unis."	https://www.voalingala.com/a/rwanda-ezali-kobanda-mombongo-ya-bangi-(cannabis)-bo-nkisi/5621746.html
sports	CAF epusi CHAN na b’éliminatoires ya CAN mpo na coronavirus	"CAF (Confédération africaine ya football) esakoli ete epusi nsima CHAN (Championnat ya Afrique des Nations) esengelaki ebetama wuto le 4 kino le 25 avril na Cameroun. Ndenge moko mpe mpo na ba matches ya b'éliminatoires ya CAN-2021. Mokano moye ""mozwami nsima na kotala likambo lya mbalakaka ewuti na coronavirus,"" elobi ministre ya Sports ya Cameroun Narcisse Mbuelle Kombi, na liyebisi. Mokano mwango mozwami na boyakani na CAF. ""Mikoli mya sika mya mokekano moye mikopesama na kolanda ndenge makambo makokende mpe makoyebisama na ntango na yango,"" ebakisi ministre ya Cameroun ya Sports. Bato zomi bamonisami na coronavirus na Cameroun uto moko moye. Mpe bokono bwango bapanzi mokili mobimba. CAF mpe epusi ba matches ya éliminatoires ya CAN 202, kolanda liyebisi ya mokambi na yango."	https://www.voalingala.com/a/caf-epusi-chan-na-b-%C3%A9liminatoires-ya-can-mpo-na-coronavirus/5332584.html
health	Bato 12 basusu balandelami mpo na Ebola na Goma	"Bakonzi ya bokolongono bazali kolandela bato 12 basusu o'mokolo ya mposo na Goma mpo na bokono ya Ebola, esakoli présidence ya Congo démocratique. ""(Bato) 12 bawutaki nzinga nzinga (na Goma) bazali kolendelama kolanda protocole ya alerte ya misala ya bitumba na Ebola (mpo na kotala soki bazali na bokono boye)"", elobi liyebisi ya présidence. Misala ya mokonzi ya mboka eyebisi ete bato motoba basusu baye bazalaki testés négatifs (bamonisamaki te na bokono) mbala mibale, babimi na bisika babombaka bato ya bokono ya Ebola. Nzokande, lolenge ya bato babale baye bamonani na virus Ebola, lozali kimya (stable). Bato babale baye bazali bongo mwasi mpe bébé ya moluki wolo oyo akufaki o’mokolo ya minei moleki na Ebola na Goma. Moluki wolo oyo azalaki moto ya mibale ya komonana na Ebola na engumba eye ya bato koleka millions mibale mpe eye ekangami na Rwanda. Bokono boye bosali mobu mombimba mpe bobomi bato 1.823 banda mozali kongala.  "	https://www.voalingala.com/a/bato-12-basusu-balandelami-mpo-na-ebola-na-goma/5027656.html
politics	Sassou andimami candidat ya PCT mpo na présidentielle ya 2021	"Président Denis Sassou N’Guesso aponami mpe andimami mpo na kozala candidat na ya PCT (Parti congolais du travail) na maponami ya mokonzi ya mboka ya 2021 na Congo-Brazzaville, na Congrès ordinaire ya mitano ya lisanga liye na Brazzaville. ""Bato 2.588 bazalaki na Congrès bandimi bango banso ete camarade Denis Sassou N’Guesso azonga na bokambi ya comité central ya lingomba mpe azala candidat na biso na maponami ya mokonzi ya mboka na 2021,"" elobi Pierre Ngolo, kalaka mokonzi ya PCT oyo atiki ebonga na ye na Pierre Moussa. M. Sassou azali na mibu tuku sambo na mitano, azali kokamba Congo-Brazzaville uto mibu tuku misato na mitano. ""Tokanisi ete tokoki te kotika Denis Sassou N’Guesso. Esengelakii kaka kopona ye. Ezali mpo na mbongwana kati na maye mazali kokobai, ezali mpo na kimya mpe boboto na mboka,"" eyebisi na AFP Léonidas Mottom, questeur molandi na Assemblée nationale mpo na PCT. Buku likonzi epesi M. Sassou nzela ya kopesa lisusu nkombo na ye na maponami ya 2021 mpe mpo na mbala ya suka, na 2026. UPADS (Union panafricaine pour la démocratie sociale), lingomba monene ya opposition, esengaki jeudi ete maponami mapusana na 2023 mpe M. Sassou azala te. "	https://www.voalingala.com/a/sassou-andimami-candidat-ya-pct-mpo-na-pr%C3%A9sidentielle-ya-2021/5226931.html
politics	Bokutani ya bakonzi ba bikolo ba CIRGL mpo na RCA na Luanda	Bakambi ba bikolo ba etuka ya Grands Lacs to ya CIRGL bazali kokutana na Luanda na Angola mpo na matata na ekolo Centrafrique. Paul Kagame ya Rwanda, Denis Sassou N’Guesso ya Congo-Brazzaville, Faustin-Archange Touadera ya RCA bazali na likita lyango libengisamaki na Joao Lourenco mokonzi ya angola mpe mokambi ya ntango eye ya CIRGL. Bokutani bwango bolandi elonga ya M. Toudare na janvier eye mokonzi ya kala François na lingomba lya batomboki azali kokamba sika baboyui. Likita lyango lizali kosalama na bozangi mokonzi ya Tchad maréchal Idriss Deby oyo akufi mardi nsima na kozwa masasi na bitumba na bandongolo meso na pene na delo na Libye. Maréchal azalaka na masolo maleki mpo etali RCA. mpo na bokonzi mpe makasi ya mampinga ma ye pene na mboka eye ezali pene na Tchad. Pré Félix Tshisekedi ya RDC mpe mokambi ya ngonga eye ya Union africaine mpe azali te masolo mango.	https://www.voalingala.com/a/bokutani-ya-bakonzi-ba-bikolo-ba-cirgl-mpo-na-rca-na-luanda/5860211.html
business	General Electric ya USA eyokani na mbulamatari mpo na ba projets ya pene 1,8 milliards $	General Electric Company ya Etats-Unis etie manzaka na protocole d’accord mpo na misala matali lotiliki mpe bokolongono na ekolo Congo démocratique. Misolo mikotiyama mikozala pene na milliard moko na millions mwambe ya ba dollards (1,8 milliards $). Lobi mokolo ya misato 12 février 2020, mokonzi ya mboka Felix Tshisekedi akutanaki na bakambi ya company eye na Palais de la nation na Kinshasa, elongo na motindami ya motuya to Envoyé special ya Etats-Unis mpo na etuka ya Grands lacs, Peter Pham. Botiyami manzaka na boyokani kati na General Electric na mbulamatari ya RDC bosalami na miso ya M. Pham mpe ntoma ya Etats-Unis na RDC, Mike Hammer. Kobongisa ba turbines ya ba barrage I na II mpo na kobimisa 650 megawatts ya lotiliki ezali kati na misala mikosalama na boyokani bwango, eyebisi misala ya président Felix Tshisekedi. 	https://www.voalingala.com/a/general-electric-ya-usa-eyokani-na-mbulamatari-mpo-na-ba-projets-ya-pene-1-8-milliards-/5286809.html
politics	Bikolo bya CEEAC bakotinda basoda na Centrafrique mpe bipesi maboko na maponami ma dimanche	"Bakonzi ba bikolo bya CEEAC (Lisanga lya nkita lya bikolo bya Afrika ya kati kati) bakati ete bakotinda basoda na Centrafrique (RCA) mpe bazali kopesa maboko na maponami ma mokolo mwa eyenga na mboka eye. Félix Tshiksekedi ya RDC, Evariste Ndayishimiye ya Burundi na Teodoro Obiang ya Guinée Equatoriale basanganaki na visioconférence na bokambami ya Denis Sassou N’Guesso ya Congo- Brazzaville, motambwisi ya CEEAC, mpo na likambo yango. ""Likita lisengi bokobi bwa misala mya maponami mazali kosalama mpe lisengi bana ba Centrafrique kokende ebele na maponami lobi le 27 décembre,"" elobi liyebisi lisukisi bokutani ya bakonzi ya bikolo ya CEEAC. Bakonzi baye bapameli na makasi nyonso bitumba bizangisi bomoi na ba soda basato ya Burundi ya misala mya ONU na Centrafrique (Minusca), ebakisi liyebisi. Basimba minduki basangani kati na CPC (Coalition des patrioites Centrafricains) bazali kosenga bopusi na maponami. Président Faustin Archange Touadera ya Centrafrique na mbulamatari bazali kolakisa mosapi na mokonzi ya kala François Bozize mpe kofunda ye na koluka kozwa bokonzi na coup d’Etat. Misala mya maponami mpe bazuzi balongolakai nkomba ya M. Bozize na maponami mpo balabi akokisi te maye mibeko misengi. Russie etindaki basoda kotangisa mampinga ya Centrafrique mpe Rwanda mpe etindaki basoda ba yango 300 na Minusca. Etats-Unis esengaki Russie kolimbola mpo na nini etinadaki ba soda baye. Bikolo bya CEEAC bilobelaki mpe embargo (bopekisi) ya kosomba minduki ya ONU na Centrafrique. Mpo na bango, yango ezali ebaka na ya mokonzi ya Centraqieu na kokamba ekolo malamu."	https://www.voalingala.com/a/bikolo-bya-ceeac-bakotinda-basoda-na-centrafrique-mpe-bipesi-maboko-na-maponami-ma-dimanche/5714312.html
sports	IGF efundi ministère ya Sports na kotinda million moko $ na moyibi na compte ya Fécofa	"Inspecteur général ya IGF (Inspection générale ya Finances) Jules Alingete Key apameli ministère ya Sports mpe loisirs na kotia million moko ya dollars na compte ya Fédération congolaise ya football association (Fécofa) na moyibi. Ministère eyanoli ete ezali misolo mipesami na Fécofa na FDFA. ""Inspection générale des Finances esakoli ete emoni na ba comptes ya banque ya Fédération congolaise ya football (Fécofa), misolo mya l’Etat (480.00 euros mpe 350.00 $, lokola million moko ya ba dollars, miye mitiamaki na moyibi na ministère ya Sports mpe loisirs. Mpo bolamu ya mboka te,"" ekomi M. Alingete na liyebisi na ye. Ministère ya Sports eyanoli ete ezali misolo mipesami na Fécofa na Fondation pour le deéveloppement du football africaine (FDFA). Inspecteur gén. Ya IGF asengi lisusu na bakambi ba misala mya l’Etat kotosa misolo mya mizwa na bomipekisami mingi mpe misengelaki kozala kaka mpo na kobongisa bomoyi ya banso. M. Alingete alobi te soki akomema likambo lyango na bazuzi. ""Ezali sango ya lokuta ya makanisi mabe, na ntina ya kobebisa lokuma ya ministère ya Sports mpe loisirs eye ezali kosala makasi mpo na kotombola masano na mboka na biso,"" ekomi na eyano na yeConseiller juridique ya ministère, Me Armand Yav Levy. ""Bopesi misolo mya libenga ya l’Etat na Fécofa na ministère eye bosalami na kolanda boyokani na Fondation pour le dٞéveloppement ya football (FDFA). Mpe mikanda mipesama na ministère ya Sports mpe Loisirs na makambo maye matatoli mpo na yango,"" ebakisi Me Yav."	https://www.voalingala.com/a/igf-efundi-minist%C3%A8re-ya-sports-na-kotinda-million-moko-na-moyibi-na-compte-ya-f%C3%A9cofa/6243059.html
sports	Ba Léopards ya RDC na ba Harambee Stars ya Kenya bakeyi 1-1 na préparation	Ba Léopards ya RDC na ba Harambee Stars basali match nul 1-1 na préparation, na Espagne, mpo na CAN 2019 eye ekobetama na Egypte mokolo ya minei mokoya. Ba Harambee Stars bazalaki bato ba yango ya kotiya mongete na ba minutes bya yambo ya lisano. Mi-temps elekaki na 1-0. Ba Léopards (Nkoyi) balamukaki na 2e mi-temps. Mingi mpenza tangu coach Florent Ibenge akotisaki Elia Meschack na esika ya Trésor Mputu, Jonathan Bolingi na eskia ya Yannick Bolasie, Britt Assombalonga na eseki ya Cédric Bakambu, Jacques Maghoma na esika ya Paul-José Mpoku mpe na suka Youssouf Mulumbu esika ya Merveille Bope. Arthur Masuaku nde azongisaki ba équipes babale na bokokani, na but moko na 89’. Nsima na kobanda na bolembu, ba Léopards balakisi ete bakoki kosala ya kokamwa na mposo moko.	https://www.voalingala.com/a/ba-l%C3%A9opards-ya-rdc-na-ba-harambee-stars-y-kenya-bakeyi-1-1-na-pr%C3%A9paration/4960536.html
health	USA epesi lisungi na lipotalo 5 na Kinshasa mpe esengi Tshisekedi kokoba bitumba na kaniaka	"""Président Tshisekdi azali mpe kobundisa bokono mosusu, nazo’ lobela awa kaniaka. Eyebani ete Etats-Unis ezali kopesa ye maboko,"" ebeti sete M. Hammer. Ambassadeur Hammer asengi ete lisungi liye lizala mpo bato baye bazali na mpasi. ""Na bopesi maboko ya ba media actifs, misala misno mibuki mibeko esengeli basala enquête mpo na yango ntango sango ya kondima epesami likolo na yango, mpe na nsima epesama na ba tribunaux,"" elobi M. Hammer. Lisungi ya Etats-unis epesami lopitalo Saint-Joseph, Centre hospitalier Monkole, lopitalo ya bondeko Sino-Congolais, lopitalo ya Kinkole mpe Vijana. ""Bato banso basengeli na procès equitable (bosambisami ya sembo), kasi mutu moko te, ezala bokonzi bwa ye bozali nini to mpifo na ye, akoki te kozala likolo na mibeko – Yango eleki motuya mpo na démocratie mpe yango nde RDC ezali na bosenga na yango mpo na kokoka kosalela makoki mya yango ya minene mpe kobongisa lobi ya bana na yango banso,"" esakoli M, Hammer. Etats-Unis epesaki mobu moleki, 17.4 millions $ mpo na bokonongo na RDC. Bato bazwami na COVID na RDC bakomi 1.370 wuta le 10 mars. 61 bakufi. 229 babikisami."	https://www.voalingala.com/a/usa-epesi-lisungi-na-lipotalo-5-na-kinshasa-mpe-esengi-tshisekedi-kokoba-bitumba-na-kaniaka/5422740.html
business	BCDC etekami na Eguity Group Holdings ya Kenya	"Equity Group Holdings ya Kenya esakoli mercredi ete esombi 66,53% ya ba actions ya Banque commerciale du Congo (BCDC), banque privée ya kala koleka na RDC (wuto 1909). Millionnaire belge George Forrest, oyo azali na mibu 30, actionnaire ya monene koleka nde atekli Equity Group Holdings ba parts na ye. Ntalo na yango ezalaki 95 millions ya ba dollars. ""Nateki ba actions na ngai na Equity Group Holdings na elikya ete ekokoma banque ya monene koleka na Congo,"" elobi M. Forrest na liyebisi. Misala mya Forrestmivandisama na RDC wuto 1922. Misala myango mizali mingi na makele (mines) na Katanga ya kala. M. Frorrest asombaki 2/3 ya actions ya BCDC na 2009. Bosangani ya BCDC na Equity Group Holdings bosalami ntango Raw Bank, banque mosusu privée ya monene, ezali afundami na kaniaka ya kobenwisa mi misolo mizalaki mpo misala mya botongi mpo na mikolo nkama ya président Félix Tshisekedi."	https://www.voalingala.com/a/bcdc-etekami-na-eguity-group-holdings-ya-kenya/5541217.html
sports	Ba Léopards ya basi ya basketball na groupe C ya Afrobasket	Ba Léopards séniors ya basi bazali na groupe C ya phase finale ya Afrobasket, championnat ya basketball eye ekobetama banda le 10 kino le 18 août 2019 na Dakar, na Sénégal. Tirage au sort, to mpe bobendi nkombo ya momekano moye, esalamaki lundi na Dakar. RDC ezali bongo na groupe C na Mali mpe Angola. Groupe A ezali na Sénégal, Egypte mpe Côte d’Ivoire. Nigeria, Cameroun mpe Tunisie bazali na groupe B. Mozambique, Cap Vert mpe Kenya bazali na groupe D. Tokundola ete, ba Léopards sénior ya mibali babimi balongi o’mokolo ya mposo moleki ya AfroCan 2019, momekano ya yambo ya basketball mpo na basani babetaka na continent ya Afrika.	https://www.voalingala.com/a/ba-l%C3%A9opards-ya-basi-ya-basketball-na-groupe-c-ya-afrobasket/5020203.html
sports	Ligue ya Basketball ya Afrika ya yambo ekobetama na Kigali	Ligue ya basketball ya yambo ya Afrika ekobetama na Kigalai na Rwanda wuta le 16 kino le 30 mai. Fédération internationale de basket-ball (FIBA) nde esakoli yango mardi. Club moko te ya RDC to ya Congo-Brazzaville ezali kati na zomi na mibale ekowelela mokano yango. GSP (Algérie), Petro Luanda (Angola), FAP (Cameroun), Zamalek (Égypte), GN (Madagascar), Police (Mali), Salé (Maroc), Ferroviario Maputo (Mozambique), Rivers Hoopers (Nigeria), Patriots (Rwanda), Douanes (Sénégal) mpe Monastir (Tunisie) nde bakondogwana. Momekano mwa yambo ya Ligue eye mosengalaki kosalama mobu moye na lisungi lya NBA (Ligue ya basketball ya USA) na FIBA motiami sika mobu mokoya mpo na COVID-19.	https://www.voalingala.com/a/ligue-ya-basketball-ya-afrika-ya-yambo-ekobetama-na-kigali/5834396.html
health	Kamerhe abimisami mpo na bokolongono na ye	Vital Kamerhe, mokambi ya ndako ya mosala ya kala ya président Félix Tshisekedi apesami bonsomi mpo na mwa ntango. Ezali mokano ya Cour ya cassation, elobi basembeli mpe bayi misala mya sembo batangami na ba media na Kinshasa. « Vitala Kamerhe azwi bonsomi ya mwa ntango bopesami na Cour de cassation lelo lundi, kolanda sango RTNC, Radio-télévision nationale congolaise epesi na compte Twitter na yango. Ezali na kotala bokolongono bwa nzoto na ye bozali malamute, ebakisi RTNC. kasi basembeli baye baliki kozongela VOA Lingala nsima. Vital Kamerha akatelemaki mibu zomi na misato ya boloko na kofundama na kopengwi misolo mpo mikolo naka ya president Tshisekedi. M. Kamerhe asengamaki kofuta lomande ya 500.000 $ yambio na kobima.	https://www.voalingala.com/a/kamerhe-abimisami-mpo-na-bokolongono-na-ye-/6341544.html
politics	Bavandi ya Goma bakangi ADF moko na ba bombes artisanales	"Bavandi ya Goma bakangi moto moko na bombe artisanale. Moto yango afundami kozala moko na babundi ya ADF, elobi mokambi ya Nord-Kivu, Carly Kasivita Nzanzu. ""Lobi loleki, (bavandi) bakangaki ADF moko awa na Goma na ba bombes artisanales. Lokola bazali kobengana bango na Beni, basili bapanzani,"" esakoli M. Kasivita na bokutani na bapanzi sango bayike na engumba mokonzi ya Nord-Kivu. Mpo na ye, likambo yango lipesi nzela ete bavandi bamona ete ba Congolais mpe bakota na lisanga ya basimba ya batomboki ya Ouganda, ADF. M. Kasivita abwaki mbela na bavandi kozala na bokebi. Mampinga ya RDC, ba FARDC, babandaki kobengana ba ADF na Beni na suka ya sanza ya octobre. Batiya Etat-major général na bango na Beni. "	https://www.voalingala.com/a/bavandi-ya-goma-bakangi-adf-moko-na-ba-bombes-artisanales/5252984.html
health	Moto wa yambo na COVID19 : Lubumbashi na Kasumbalesa ekongama	"Bingumba ya Lubumbashi mpe ya Kasumbalesa bikokangama mpo na mokolo moko, elobi mokambi ya etuka ya Haut-Katanga, Jacques Kyabula nsima na bozwami ya moto ya yambo na coronavirus ya sika. ""Mpo na kopesa biso nzela ya kozwa na lombango ba contacts misusu ya ba contacts, bokangami ya 24 h banda mardi 28 avril na Lubumbashi mpe mercredi 29 avril na Kasumbalesa,"" elobi M. Ktyabula. Kino sika bato 21 nde bazwami mpe bakonzi bazali koluka basusu. Moto oyo azwami na COVID19 azali mobali ya mibu tuku mitano na mwambe awutaki na Nairobi mpe alekaki na Zambie na nzela ya Kasumbalesa, elobi bakonzi ya etuka."	https://www.voalingala.com/a/moto-wa-yambo-na-covid19-lubumbashi-na-kasumbalesa-ekongama/5393936.html
politics	Samy Badibanga atiki mosala ya 1er VP ya Sénat	Samy Badibanga 1er vice-president to mokambi molandi ya Sénat atiki mosala na ye. Modeste Bahati Lukwebo, mokambi awuti kobimba na maponami mposo moye nde asakoli yango. Baike na bayi Sénat balobi ete ezali na mokano mwa ye moko. VOA Lingala emekaki kobemnga Samy Badibanga kasi ayanoli te na nzela ya singa mpo na kolimbola yango. Baike na bayi politiki balobi ekoki kozala mpo mbulamatari ekobima kala mingi te to mpo na bibonga bisusu bikokabolama kala mingi. Samy Badibanga, moko na baye bazalaki na bibimbonga ya likolo ya kala na UDPS ya Etienne Tshisekedi mpe moko baye bazalaka malamu na président Felix Tshisekedi kino sika atikalaki se ye moko nsima na ba bétitions ekwayisaki Bureau définitif ya Sénat ekambamaki na Alexis Thambwe Mwamba. Maponami masalamaki mpo na mabonga manso matikali longola se oyo ya vice-président ebonga na ye. Sika na botiki mosala mwa ye, maponami masengeli mpe masala mpo na ebonga ya vice-president ya Senat. M. Badibanga azalaki Ministre wa yambo sanza misato yambo na mapobani na 2016, yambo na Bruno Tshibala.	https://www.voalingala.com/a/samy-badibanga-atiki-mosala-ya-1er-vp-ya-s%C3%A9nat/5802995.html
health	Banque mondiale epesi 300 millions ya ba dollars mpo na Ebola	"Banque mondiale epesi lisalisi ya 300 millions ya ba dollars mpo kobundisa Ebola na RDC, eyebisi mokambi ya banque eye, Kristalina Georgieva. ""Biso banso tosengeli kozuwa miko ya lombango mpo na kosilisa bokono ya kufa ya Ebola boye bozali kobebisa bomoi mpe biloko ya kobika na Ekolo Congo démocratique,"" ekomi na liyebisi Mme Georgieva. Lisalisi liye ekomi nsima na OMS (Mabongisi ya molongo mpo na bokolongono) masakolaki mposo moleki ete bokono ya makila boye ya Ebola bozali bosenga ya makasi mpo na molongo mobimba. ""Tozali na bosenga mingi ya lisali mpe ya makoki ya molongo na ntina ya kopekisa ete mikakano miye mikoma makasi kati na mboka mpe mipalangisama koleka ndelo mboka, "" abeti mokoloto Mme Georgieva. Bokono ya Ebola esili koboma pene na bato 1.750 na sanza zomi na moko bozali kongala na RDC. Nzokande président Félix Tshisekedi ya RDC alobaki mposo moleki ete azuwi na maboko bitumba na Ebola, mpe etiyaki misala ya banganga ya boyebi mpo na yango. Kasi ministre ya Santé Dr. Oly Ilunga atikaki mosala mikolo mibale nsima na mokano moye ya M. Tshisekedi."	https://www.voalingala.com/a/banque-mondiale-epesi-300-millions-dollars-mpo-na-ebola/5013803.html
politics	EU ebakisi mikolo na etumbu likolo lya basungi ya Joseph Kabila	"Union européenne esakoli ete etiki etumbu epesaki na basungi zomi ya mokonzi ya kala ya RDC Joseph Kabila. Union européenne elobi ekoki kutu kobakisa etumbu esusu soki bosenge bozali. Conseil européen elobi mokano moye molandi ndenge makambo mazali kotambola na RDC. Na liyebisi na yango, UE elobi emitungisi mingi na kolanda rapport ya ONU eye ekebisi na bomati ya maloba ya koyina mpe ya kotinda bato na mobulu, na bokabwani mpe koboyana, na nzela ba réseaux sociaux, mingi mingi matindami na bayi kabila nzike mpe bakonzi. Etumbu yango epesamaki na 2016 na bato 16, mingi ""bo’ eyango na bobuki makoki ma bomoto mpe koluka kopekisa bosalami ya mapomi (yambo na maponami ya 2018), ekundoli Union européenne na liyebisi,"" ekundoli EU. Bakambi ya mampinga, ya police, ya misala mya l’Etat na ya mbulamatari zomi nde batikala na etumbu. Baike, lokola molobeli ya kala ya mbulamatari Lambert Mende balongalamaki na etumbu yango."	https://www.voalingala.com/a/eu-ebakisi-mikolo-na-etumbu-likolo-lya-basungi-ya-joseph-kabila/6347818.html
health	Trump na Melania bandimi ete bazwami na COVID-19 mpe bamikotisi ndako	"President Donald Trump na molongani wa ye Melania Trump basakoli ete bazwami na COVID-19 mpe batiami na bokangami. Tata mokonzi ya Amerika asakoli yango ye moko na compte Twitter na ye. ""Na butu ya lelo, Melania @FLOTUS na nga tozwami na na COVD-19. Tokokanda bokangami nab iso na ndako mpe kolanda malako ya kobikisama mbala mok. Tokokende na yango banso elongo,"" ekomi M. Trump. Kasi akomi ete bazali kolanda malako ma minganga. Molongali wa ye Melania mpe alobi se ndenge moko. ""Lokola bana ba Amerika mingi basali yango mobu moye, Trump @ptous na ngai to mikotisi ndako nsima na kozwa na COVID-19. Tozali komiyoka malamu mpe tozongisi nsima manaka manso,"" ekomi Melnia Trump. Bakonzi ba bikolo mingi wuto Russie kino Zimbabwe batombeli mokonzi ya Etats-Unis kobima na lombango. Trump na Melania batelemisi misala ma campagne ma mokonzi ya ekolo masengeli kozala le 3 novembre 2020. "	https://www.voalingala.com/a/trump-na-melania-bandimi-ete-bazwami-na-covid-mpe-bamikotisi-ndako/5606229.html
politics	Pentagone ekati malakisi ya basoda ya Mali mpo baike bazali na bokweyisi bokonzi ya IBK	"Petangone, ministère ya Défense ya Etats-Unis, ekati malakisi epasaka basoda ya Mali nsima sango elobi ete baike kati na basado baye bazali kati na baye babotoli bokonzi na Mali. ""Kino bolukiluki bokosila, malaksi masusu makopesama te na Mampinga ma Mali"" (Fama, Forces armées Maliennes), eyebisi VOA molobeli ya Pentagone, Lieutenant Colonel Anton T. Semelroth. Sango yango elobi ete colonel Assimi Goita azalaki kati basoda batombokaki mardi 18 aout 2020, bakangaki président Ibrahim Boubacar Keïta (IBK) elongo na bayi mbulamatari na bakambi basusu ya mampinga. IBK asakolaki, na bokangami, ete atiki bokonzi ntango azalaki nanu na mibu mibale mpo na kosilisa mandat na ye. Kolanda Pentangone, Col. Goita alandaki maetye ma U.S. Africa Command Flintlock, akendaki mpe na Florida (Etats-Unis) mpo na likindo lya mboka mibale (Mali-Amerika) na Université Speciale ya ba Operations. Col. Goita alandaki mpe mateya ma Program on Terrorism mpe Security Studies na College C. Marshall na centre européen na Allemagne. Président Donald Trump mpe mbulamatari ya Etats-Unis batelemelaki bokweyisami ya IBK mpe bazali kosenga bozongisami bwa ye na ebonga. CEDAO, lisanga lya bikolo ba Afrika ya west lokola mpe Union Africaine na Union européenne mpe bapameli yango mpe basengi bonzingi bwa IBK."	https://www.voalingala.com/a/pentagone-ekati-malakisi-ya-basoda-ya-mali-mpo-baike-bazali-na-bokweyisi-bokonzi-ya-ibk/5552914.html
politics	Tshisekedi na Museveni bandimi kotonga pene na 1.200 kms ya nzela na mibu mibale	"Président Félix Tshisekedi na mokokani waye ya Ouganda bayokani mpo na kotonga pene na 1200 km ya nzela kati na bikolo mibale. Bakonzi babale baye balobi yango na liyebisi batie mokoloto o’mokolo mwa mposo na mobembo mwa M. Tshisekedi wa yambo na Ouganda. ""Basibamoni mpe bandimi kobanda kobongisa elongo nzela ya lotomo eye, na sanza tuku mibale na minei ekolanda : nzela ya Mpondwe-Beni (877 km), nzelaya Goli-Bunia (181 km) mpe nzela ya Bunagana-Rusthuru (24 km)"", elobi bakonzi babale na liyebisi. Bayokani mpo kasala elongo mpeza, na bikolo bisusu ya etuka ya Grands Lacs na ntina ya koluka eyano mpo na etali ba ""forces négatives"" mpe mangomba ya basimba minduki na etuka eye, mpe mingi mpenza na RDC. M. Museveni apesi longonya na bosengi ya RDC kokota na lisanga ya bikolo ya monyele ya Afrika."	https://www.voalingala.com/a/tshisekedi-na-museveni-bandimi-kotonga-pene-na-1-200-kms-ya-nzela-na-mibu-mibale/5159476.html
sports	PSG eyokani na Kigali mpo na kosala promotion ya Rwanda	"Club ya lisano ya ndembo ya ekolo France Paris Saint-Germain, PSG, etie manzaka ya boyokani na mbulamatari ya Kigali mpo na kosala promotion ya tourimse ya Rwanda mibu misato. ""Tozali na makanisi ya kotonga boyokani ya makasi mpo na kopesa kilo na mbongwana ya kokamwisa na Rwanda,"" esakoli Marc Amstrong, mokambi ya sponsoring ya PSG na liyebisi moko. Na boyokani bwango, club oyo ezali champion ya France mbala mibale, endimi komikotisa na campagne ""Kende kotala Rwanda"". PSG ezali club ya mibale kondima boyakani yango na Rwanda. Arsenal ezalaki ya yambo. PSG ebimisi na compte Twitter na yango bililingi bya campagne byango. Kylian Mbappé, Neymar, Mauro Icardi mpe basani basusu bazali kokumisa tourisme (mibembo ya kotala) Rwanda."	https://www.voalingala.com/a/psg-eyokani-na-kigali-mpo-na-kosala-promotion-ya-rwanda/5192605.html
business	Nigeria, Ghana mpe ba anglophones misusu baboyi ECO mosolo mozwi esika ya CFA	"Nigeria, Ghana, du Liberia, Sierra Leone, Gambie, banso mboka anglophones, na voisin bango Guinée, oyo ezali francophone, baboyi ECO, mosolo ya mokelamaki le 22 décembre mpo na Afrique ya Ouest. Ba ministres ya Finances mpe ba gouverneurs ya Banque centrale ya bikolo biye bakutanaki jeudi na Abuja, Nigeria, npe baboyi mbongwana eye bikolo nzinga nzinga na bango biye bizali ba fraconpohones (balobaka français) biwutaki kosakola na lisungi ya France. Nigeria, Ghana, du Liberia, Sierra Leone, Gambie mpe Guinée, ya Zone monétaire ouest-africaine (WAMZ) ""balakisi bokebi na bango na ndenge ba francophones bazwi mikano bango moko ya kobongola se nkombo ya franc CFA na ECO kino 2020,"" elobi bango na liyebisi ya ba ministres ya Finances mpe ba gouverneurs ya ba banques centrales na bango. Nigeria, Ghana, du Liberia, Sierra Leone, Gambie mpe Guinée balobi ""mokano ya ba francophones mokani te na maye mandimamaki te na Cédéao (Communauté économique des Etats d’Afrique de l’Ouest) na boyokani ya kokomisa ECO mosolo moko ya etuka mobimba"". Yango ezalaki likanisi lizali na masolo wuto mibu 30 mileki. Mboka inso ya WAMZ ezali kobongisa bokutani mpo na koyeba nin kosala na mikolo mikoya. "	https://www.voalingala.com/a/nigeria-ghana-mpe-ba-anglophones-misusu-baboyi-eco-mosolo-mozwi-esika-ya-cfa/5248693.html
sports	Ibenge na Berkane balongoli Mazembe na ½ finale ya CAF C2 na 4-2	Jean Florent Ibenge na Renaissance Berkane ya Maroc balongoli TP Mazembe ya Ekolo Congo démocratique demi-finale ya Coupe ya confédération ya CAF na kololongaka 4-1 lobi dimanche na stade municipale ya Berkane, na Maroc. Elonga ya TP Mazembe 1-0 mposo moko yambo na match aller na stade Kamalondo na Lumbashi, na Haut-Katanga, RDC, ekokaki te mpo mpo ba Corbeaux ya RDC baleka. Bilembo binso ya aller na retour bipesi bongo mingete minei mpo na RS Berkane mpe moko mpo na TP Mazembe. Match retour ekozala pete te, Mazembe elongi biso na Lbumbashi kasi biso tokoluka mpe tolonga epayi na biso na Berkane, ekebisaki coach ya RS Berkane, moyi RDC, Jean-Florent Ibenge na interview exlcuisve apesaki VOa Lingala nsima na match aller le 8 mai na engumba mokonzi ya Haut-Katanga. Na match ya lobi dimanche 15 mai 2022, Berkane ezalaki yambo na kofungola mingete na 10’ na El Helali B. kasi TP Mazembe ezongisaki na 11’ na Kizimbi P. Na mi-temps ya mibale nde, RS Berkane emonisaki makasi. TP Mazembe ekomaki kolakisa kobanga mpe kolekisa ntango. Larbi N. atiaki mongete ya mibale ya Berkane na 79’ mpe El Fahli abakisi na penalty mongete ya misato. El Fahli Y. azongaki lissusu na mngete ya minei ya Berkane. Mwape T. ya Mazembe abimisamaki na 64 mpo kozwa cartons jaunes mibale (Rouge). 	https://www.voalingala.com/a/6574445.html
health	Bituma na Ebola bitelemi na Beni	"Botelemeli ya bavandi ya Beni mpe Butembo mpo na bobomami na bango na maboko ya ba ADF botindi misala ya kobundisa Ebola mitelema na bisika biye. ""Misala na biso minso ya kolamusa bato, mangwele, bokundi bibembe na bokengi, etc mitelemisami kasi ozali nanu awa,"" eyebisi mokambi ya bitumba biango, Dr. Jean-Jacques Muyembe. Vendredi, mikolo misato mikoki, bavandi ya Beni mpe Butembo bazali kolakisa kanda na bango mpo bobomami ya bayike na bango na ba ADF ata Monusco (Mission ya ONU) ezali wana mpe mampinga ya RDC mazali kosala misala ya kobengana batomboki baye. Police ebetaki gaz lacrymogène mpe masasi likolo mpo kobengana baye bazalaki kotelemela base ta ba casques bleus ya Monusco na nzela ya bokoti Beni. Bavandi bazali kolela ete ba ADF babomi bato tuku motoba wuto sanza ya zomi na moko ebandaki. Nzokande bopesi mangwele bozali kokoba bisika bisusu. Mangwele ma mibale mazali kopesama wuto mposo mibale. Koleka bato 373 basili kozwa yango. Dr. Muyembe ye moko mpe azwi yango.     "	https://www.voalingala.com/a/bituma-na-ebola-bitelemi-na-beni/5177379.html
sports	Ba Léopards bakaboli 1-1 na ba Ecureils ya Bénin	Ba Léopards ya Ekolo Congo démocratique na ba Ecureils ya Bénin bakabwani mongete moko ngambo inso na match ya mokolo ya mibale ya ba élimintoires ya Coupe du Monde Qatar 2022, mwa ngonga eleki na Cotonou Dieumerci Mbokani atiaki mongete ya yambo mpo na ba Léopards na 11e minute mpe Jordan Adeoti azongisaki na 33e minutes mpo na ba Ecrureils. Na bokambami ya coach na bango moyi Argentine Hector Cuper, ba Léopards bakokaki te kobatela avance na bango. Na kokabolaka mongee moko na ba Ecureils, ba Léopards batiki bongo Bénin elaka na molongo ya yambo na classement provisoire ya deuxième journée. Na match ya mokolo mwa yambo mposo moleki, ba Léopards bakabolaki mpe mongete moko na Tanzanie. Ba Léopards bazali sika na molongo ya mibale na bilembo mibale nsima na ba Ecureils baye bakomi na bilembo minei.	https://www.voalingala.com/a/ba-l%C3%A9opards-bakaboli-1-1-na-ba-ecureils-ya-b%C3%A9nin/6214384.html
sports	Ba groupes mwambe ya Coupe du Monde Qatar 2022	Ba groupes mwambe ekozala na phase finale ekobetama na Qatar wuto le 21 novembre kino le 18 décembre 2022, kolanda tirage au sort esalami na Doha. Match ya yambo ekobetama na kati na Qatar na Equateur le 21 novembre. Cameroun ezali na groupe G na Brésil mpe Ghana na Portugal.  	https://www.voalingala.com/a/6511404.html
business	Volcan Nyiragongo: Tshisekedi asakoli ete compagnie moko ezobanda kozwa gaz na lac Kivu mpo na kobanga likama	"Président Félix Tshisekedi asakoli ete copmagnie moko ekobanda kobimisa gaz na lac Kivu mpo na kopekisa likama liye likokati komema liwa lya bato mingi na Goma nsima na botomboki ya volcan Nyiragongo mposo moko moleki. ""Ezali na copmagnie moko eye mpo na kobanda kozwa gaz ya lac… Ekoki kobanda mosala mbala moko,"" elobi M. Tshisekedi liboso lya bapanzai sango na rotonde ya Palais de la nation na Kinshasa. Mikolo mibale mileki, pene na bavandi 600.000 ya ba quartiers zomi ya Goma basengamaki kotiaka engumba mokonzi ya Nord-Kivu mpo na likama likokaki kosalama soki gaz ya lac Kivu epelaki moto nsima na botomboki ya volcan Nyiragongo. Bato 1.700 bakufaki na likama lya ndenge wana na 1986 na Cameroun, ntango gaz ya lac Nyos epelaki moto. Na liyebisi na ye, M. Tshisekedi asengi na bavandi ba Goma kozonga nanu na lombango te mpe kozela ndingisa ekopesamelama bango ntango bato ba mayele bakomona ete likama lizali lusus te. Mokonzi ya RDC asengi mpe na bato kotika kopesa te sango ya lokuta mpo na kotambwisi mayele ma bana mboka ntango ya likama liye. M. Tshisekedi alaki kopesaka sango mbala mingi. Mokonzi ya RDC alobi soki mapanga ma mpepo makangamaki te mbele asiakomaki Goma. Bavandi basusu ya Goma bakenaaki na Sake, na 27 Kms na west, to na Rutshuru na nord kaka Nord-Kivu, mpe basusu bakatisaki na Rubavu na Rwanda. Lobi loleki, président Paul Kagame asengaki lisingu lya lombango lya molongo mpo na bayi RDC bakatisaki ngambo. Nzokande bayi politki ya lingomba Lamuka ya ngambo ya Martin Fayulu na Adolphe Muzito bapameli bozangi bokambi malamu ya lisungi mpo na likama liye."	https://www.voalingala.com/a/volcan-nyiragongo-tshisekedi-asakoli-ete-compagnie-moko-ezobanda-kozwa-gaz-na-lac-kivu-mpo-na-kobanga-likama/5909284.html
politics	Ba sénateurs ya RDC basengi Amerika ekotaka te na makambo ya bana ya mboka	"Ba sénateurs ya commission ya relations extérieures ya parlement ya RDC basengi na Etats-Unis komipekisa komikotisa na makambo ma Ekolo congo démocratique na libanda ya mibeko mya boyokani ya mboka mibale. ""Mpo na bolamu ya bikolo bibale, tosengi boyokani ya bosolo mpe ya kotonga boye bavandisami likolo na botosi bwa malako ma boyokani kati na bikolo. Mpo na yango, lolelnge moko biso tomipekisaka komikotisa na makambo ya kati ya mboka esusu, mingi mpenza ma Etats-Unis, lolenge wana nde tozali na makoki ma kozela ete mboka esusu elakisa ezalaleli ya motindo moko wana,"" ekomi ba sénateurs ya RDC sambo ya commission eye. Ba Sénateurs congolais batindeli mokanda mwango na ba Sénateurs libwa ya commission ya ba relations extérieures ya Amerika. Commisson ya ba relations extérieures ya Sénat ya Amerika ekomelaki mokanda, na ebandeli ya mposo, na ministre ya Finances (Secrétaire ya Trésor ya Amerika) na ministre ya mambi ma bapaya (Secrétaire d’Etat) mpo na kosenga ete ""mbulamatari ya mboka na bango epesa lisusu maboko makasi na président Félix Tshisekedi na bitumba bya ye na kaniaka mpe na misala mya moyibi ya mbulamatari ya mokonzi ya kala Joseph Kabila,"" ekomaki ba Sénat ya Amerika. Secrétaire d'Etat ya Amerika, Mike Pompeo na molandi wa ye atalaka Afrika, Tibro Nagy basepelaki na komona ete mokanda mwa mowutaki na bayi ngambo ya ba républicains na ba démocrates. Ba sénateurs sambo ya RDC, bango, basengi ete boyokani boya makasi kati na ba institutions ba Etats-Unis na ya RDC.  Baponami ba RDC bayebisi mpe ete makambo ma bokengi mpe ma bitumba na kaniaka mazalaki na maye babundela wuta kala mpe président Joseph Kabila abandaka yango na kotia misala misengeli na esika mpe Conseiller spécial ntango afungola pilitiki ya ""Tolérance zéro"". Ba Sénateur ya RDC ya opposition mpe pouvoir batiaki manzaka: Francine Muyamba, Jérôme Bikenge, Diendonnette Mungwadjo, Jean de Dieu Moleka, Lénard She Okitundu, Boni Mwawatadi na Mossal Sanguma nde bato batiaki manzaka na eyano bapesi bakokani ba bango ba Etats-Unis"	https://www.voalingala.com/a/ba-s%C3%A9nateurs-ya-rdc-basengi-amerika-ekotaka-te-na-makambo-ya-bana-ya-mboka/5553018.html
business	Eteni Longondo atindami bokolo ya CPRK mpo na misolo mya COVID-19	"Dr. Eteni Longondo, ministre ya kala mambi ma Bokolongono alekisi butu bwa ye ya yambo na boloko bonene ya Makala (CPRK) epayi wapi atindamaki vendredi na mpokwa nsima na koyanola na parquet ya Cour ya cassation mpo na misolo mya COVID-19. ""Dr. Eteni akomi na boloko ya CPRK na mandat d’arrêt provisiore. Totie ye na pavillon 8,"" elobaki moko na basali ya CPRK vendredi na mpokwa. Baike na mbulamatari bandimi ete Dr. Eteni ayanolaki ngonga molayi na procureur ya Cour ya cassation.  Dr. Eteni azali moko na bayi UDPS, lingomba lya mokonzi ya mboka Félix Tshisekedi. Inspecteur général ya Finances (IGF) afundaki Dr. Eteni na août 2020, na kolobaka été apengwisaki koleka millions sambo ya ba dollars ezalaki mpo na kobundia COVID-19. Dr. Eteni awangaka mpe alobaka ete Fonds monétaire international emonaki bopengwisi misolo myango te yango endimaki kopesa 1,5 milliards ya ba dollars na RDC. IGF efundaka Dr. Eteni na kozanga kolekisa mikanda milakisi ndenge asalelaki misolo. Dr. Eteni azongisaki 751.900 $ nsima na nungu nungu ebimaki na motango mobimaki mpo na kosukola Palais du peule to ndako ya parlement na microbes ya COVID-19. Sika, esengeli Dr. Eteni asamba na bazuzi mpo atalisa soki apengwisaki to te misolo afundami na yango. IGF efundaki mpe bakambi ba INRB (Institut national de recherche bio-médicals) na bopengisi misolo. "	https://www.voalingala.com/a/eteni-longondo-atindami-bokolo-ya-cprk-mpo-na-misolo-mya-covid-19/6019347.html
health	Moto ya mibale azwami mpe akufi na Ebola na Beni	Moto ya mibale akufi na bokono bwa Ebola lobi loleki lisusu na Beni monyele ya Ekolo Congo démocratique. O’mokolo mwa mitano moleki, moto ya yambo amonanaki na bokono bwango mpe akufaki mokolo molandaki. Moto ya mibale ya kokufa ba Ebola ezali mwana moke oyo akendaki na centre moko ya santé na elenge mobali ya mibu tuku mibale na motoba oyo akufaki o’mokolo mwa mitano moleki. Yango esalamaki mikolo tuku mitano na mibale nsima na moto ya suka azwamaki na Ebola. Mbulamatari mpe bakambi ya misala ya molongo mpo na bokolongono bazalaki komilengla mpo na kosakola suka na Ebola na esika eye. Nzoka te yango ememi mwa ntembe na bavandi ya Beni. Ebola ezongeli ntango engumba ya Beni ntango bokono bwa coronavirus mpe esili kokoma kuna. Moto moko azwamaki na COVID-19 kuna.	https://www.voalingala.com/a/moto-ya-mibale-azwami-mpe-akufi-na-ebola-na-beni/5369832.html
health	Moto wa yambo akufi na coronavirus na Etats-Unis	"Mwasi moko ya mibu 53 akufi na bokona bwa coronavirus na Etat ya Washington, azali moto wa yambo ya kowa na virus eye na mabele ya Amerika, elobi bakonzi. ""Pene na bato 22 bazwani na bokono ya coronavirus na Etats-Unis,"" eyebisi président Donald Trump na bapanzi sango. Bato baye banso bazwaki yango na kozala nzinganzinga ya baye bawutaki na bokono bwango libanda. Kasi mwasi oyo akufi azali moto wa yambo ya kozwa yango ata azalaki te nzinga nzinga na baye bawutaki libanda. Yango elakisi ete bokono boye bokoti mpe bokoki kopanza na Etats-Unis. Bakoni 47 basusu bawutaki na maladi mwango na libanda. ""Ntina ya kobanga ezali te… Tokosala makasi mpo ete moto mosusu te akufa na bokono boye,"" esakoli M. Trump. Na ngambo na ye, vice-président ya Etats-Unis, Mike Pince oyo atiami mokambi na bitumba na coronavirus ayebisi ete miiko mizwami mpo na kopekisa bana ba Etats-Unis kokende na Italie mpe Iran na Corée du Sud esika wapi bokono boye bozali mpe kongala. Yambo, Etats-Unis ezwa mikano mpo na mibembo na Chine esika wapi bokono bwango bobandaki mpe bobomi bato 2.335 mpe bozwi bato 79.000. Na mokili mobimba bato 2.900 nde bakufi mpe 85.00 nde bazwi yango."	https://www.voalingala.com/a/moto-wa-yambo-akufi-na-coronavirus-na-etats-unis/5309902.html
health	Ebola emonani lisusu na est ya RDC	"Mwana moko ya mibu misato akufi na Ebola na Beni, elobi ministre ya bokolongo Dr. Jean-Jacques Mbungani. RDC emonani lisusu na moto moko na bokono ya Ebola na monyele, esakoli le 8 octobre 2021 ministre ya Bokolongo bwa nzoto, Dr. Jean-Jacques Mbungani. Kolanda liyebisi, mokoni ya Ebola oyo asili mpe kokufa yango azwami na zone ya santé ya Beni, na territoire ya Beni, na Nord-Kivu epayi Ebola engalaki mibu mibale yambo na kosila na mobu 2020. ""Ezali mwana moko ya mibu misato ya mobali oyo atiamaki na lopitalo mpe akufaki le 6 octobre na esika ya lisalisi ya mboka eye na komonisaka bilembo bya makila kobima, kolanda ba éechantillons ezwaki mokolo molandaki na limpinga ya bobateli bavandi ya mboka,"" ekomi Dr. Mbungani na liyebisi. ""Echantillion etindamaki na Goma mpo na kotalisa emonisi virus ya Ebola,"" ebakisi Dr. Mbungani. Baye ya bokolongono na etuka bazali koluka baye pene na bato 100 baye bazalaki na mwana yango mpe koluka koboma microbes. Ekomi mbala ya 12, RDC ezwi Ebola. Mbala eleki basali ba OMS (misala ya molongo mpo na bokolongo) bafundamaki na kozwa basi na makai na kolakaka bango mosala."	https://www.voalingala.com/a/ebola-emonani-lisusu-na-est-ya-rdc/6263512.html
sports	"CHAN 2021 : Ba ""Léopards"" balongwe mpe ba ""Lions indomptables"" baleki na ½ (1-2)"	Ba Léopards ya RDC balongwe na CHAN 2021 nsima na kokweyisama 1-2 liboso lya ba Lions Indompatbles ya Cameroun epayi wapi phase finale ya momekano moye mozali kobetama. Basani ba RDC bazali bato na yambo ya koningisa monyama na 21’ na Makabi Lilepo na moto. Kasi na 29’, ba Lions bazongisaki mongete na Yannick N’Djeng nsima na garien de but Matampi Ley kozanga kozwa ndembo na point ya penalty. Félix Oukiné akatki mpema ya Léopards na mongete ya mibale ya Cameroun na 41’. Basani ba Léopards basalaki makasi kasi elongaka ekandaki na ba Lions. Mwa ngonga yambo na yango, ba Aigles ya Mali balekaki mpe na 1/2 finale nsima na kolonga ba Diables rouges ya Congo-Brazzaville na ba tirs au but (5-4).	https://www.voalingala.com/a/chan-2021-ba-l%C3%A9opards-balongwe-mpe-ba-lions-indomptables-baleki-na-%C2%BD-(1-2)/5758073.html
business	Bavandi batelemeli ba compagnies ya ba Chinois na Mwenga ntango Tshisekedi asengi botali ya ba contrats na bango	"Bavandi ya Kitutu, na Mwenga, na Sud-Kivu, batambolaki lundi mpo na kopamela bobimisi makele na moyibi mpe mbeba misusu na misala ya ba Chinois. Nzokandep résident Félix Tshisekedi asengi bobandeli kotala ba contrats na ba Chinois. ""Na ntongo ya lelo, bavandi ya Kitutu bakangaki nzela mpo na kosenga na compagnie moko ya Chinois eye ezali kokoba kozwa mabanga ma ntalo, kosukisa misala mya yango,"" elobi na AFP Justin Mubarikiwa, moko na bayi Observatoire d’actions parlementaires et gouvernemantale (moko na ba mouvements citoyens) ya esika eye. Mokano ya kosenga ba compagnies baye kosukisa kozwa makele (mines) mozwamaki mikolo le 20 août na mokambi ya civili ya etuka ya Sud-Kivu, Théo Kasi. Kasi ministre ya Mines ya mbulamatari ya ekolo aboyaki yango nsima na yango. ""Ba Chinois babebisi bilanga ya bana mboka mpe nzamba ya na bango. Baye batelemeli, bazali kosenga mpe bafutama misolo mpo na mpasi eye,"" ebakisi M. Mubarikiwa oyo azalaki kati na batelemeli. Ba Chinois bafundamaka na mbeba mingi na ba compagnies na bango mpe na kozwa ba minerais na moyibi. Na nsuka ya mposo moleki, president Félix Tshisekedi asengaki na mbulamatari kobandela kotala ba contrats na ba Chinois. Commission ya Sénat ya Etats-Unis ya boyokani na bikolo mya bapaya esepeli na mokolo ya président Tshisekedi ya kobandela kotala ba contrats na ba Chinois. Commission yango elobi ete moyibi ya mbanga matalo na RDC mosengeli mosukisama."	https://www.voalingala.com/a/bavandi-batelemeli-ba-compagnies-ya-ba-chinois-na-mwenga-ntango-tshisekedi-asengi-botali-ya-ba-contrats-na-bango/6224779.html
politics	M23 efungoli ndelo ya Bunagana na Uganda kasi mokambi ya Nord-Kivu apekisi bokoti ya biloko	"Mokambi ya soda ya etuka ya Nord-Kivu apekisi bokotisi ya bilokolo binso kosalama na ndelo ya mboka Bunagana (Nord-Kivu) na Uganda ntango batomboki ba M23 bafungoli ndelo eye. ""Mbulamatari ya etuka ya Nord-Kivu eyebisi basali mimbongo (opérateurs économiques), ba commissionnaires ya douanes mpe bateki banso ete epekisami mpenza, kino mokano mwa sika mopesama, kokotisa to kobimisa biloko bya koteka na nzela ya Bunagana eye ezali na maboko ya badongolomeso ba M23 mpe basungi ba yango ba Rwanda,"" elobi na liyebisi lieutenant—général Constant Ndima Kogba, mokambi ya soda ya Nord-Kivu. ""Yango, moto nyonso oyo biloko bya ye, ezala ya lolelengi nini, bikokota na ndelo eye akozwama lokola moto ya mayuya mpe mopesi maboko na na banguna mpe ekopesa etumbu ya mobeko,"" ebakisi lieut-gén. Ndima. Mokambi ya Nord-Kivu asengi na misala minso mya l’Etat na ndelo eye kosala elongo na bakokani ba yango ba Uganda mpo na kokokisa mitondo apesi. Nzokande M23 esakoli ete efungoli lelo ndelo eye. Kasi mituka mibandi nanu te kotambola mpo na bitumba bizali nanu na bisika biike. M23 ebotolaki Bunagana wuto le 13 juin lokola mpe mboka esusu. Na bokutani na bango lelo lundi na Nairobi (Kenya), bakambi ba bikolo bya EAC / CEA (Lisanga lya bikolo bya Afrika bya Est) basengi na M23 kotika bitumba mpe kolongwa ba mboka inso ezwaki. Bakambi ba bikolo biye bandimi kotinda na lombango mampinga ma bango mpo na kobundisa elongo basimba minduki mpe batombki banso bakokitisa bibundeli te na monyele ya RDC."	https://www.voalingala.com/a/6625499.html
business	Sonangol elingi etonga raffineri ya petololo na Cabinda	Sonangol (Compagnie nationale ya petelolo) asali boyokani na Untied Shine mpo na kotonga raffinerie to mpe izini ya kosokola petelolo eye epetwami naino te na Nord ya Cabinda, elobi bakonzi ya Angola na liyebisi. Raffinerie eye ekopetola nkama nkoto motoba ya barrils ya petelolo esukwami te, elakisi liyebisi. Sonangol esakoli ete ekomatisa makoki na yango ya ko bimisa petololo ya raffinerie ya Luanda. Misala maye mikopesa nzela na kolisa bozangi ya petololo bozalaka ntango mingi na Angola.	https://www.voalingala.com/a/sonangol-elingi-etonga-raffineri-ya-petololo-na-cabinda/4948877.html
politics	Salomon Kalonda, mosungi ya Katumbi, azwi passeport mpo na kozonga mboka	"Bankonzi ya Ekolo Congo démocratique bapesi passeport biométrique na Conseiller principal ya Moïse Katumbi, Salomon Idi Kalonda. Mopesi toli ya mwana mboka Katumbi ye moko apesi sango yango na compte Twitter na ye. ""Nsima na kozela mingi, nazwi passeport na ngai. Matondi na baye banso bapesaki ngai maboko ntango napeskisamaki kozonga mboka. Napesi losako na politiki ya bokitisa mitema eye Tata mokambi ya ekolo alingi mpe nakozanga kala te mpo na kokoba bitumba kati na opposition pene na Moïse Katumbi,"" ekomi M. Kalonda na tweet moko. Akokaki te kozonga mboka le 20 mai eleki mpo na bakonzi ya Congo democratique bamopileki passeport na ntina ete azalaki mpe mwana mboka ekolo esusu ntango mobeko likozi ya RDC epekisi kozala mwana mboka ya ekolo mosusu."	https://www.voalingala.com/a/salomon-kalonda-mousngi-ya-katumbi-azwi-passeport-mpo-na-kozonga-mboka/5115392.html
business	Bukangalonzo : ADG ya Africom Grobler akangami na aéroport ya N'Djili	Mokambi to Administrateur ya société Africom Comodities ya Afrique du Sud, Christo Grobler akangami ntango alingaki komata na mpepo na N’Djili. M. Grobler esengeli asamba elongo na ministre wa Yambo ya kala Matata Ponyo mpo na makambo ya Bukangalonzo. Ba avocats baye baloki ayaki komitika ye moko, akoki kokende mpe kozanga yambo na bobandi ya bosambisami le 8 novembre. Basembeli baye bazali komilela mpo bazali kokoka te komona mpe kosalola na M. Grobler.	https://www.voalingala.com/a/bukangalonzo-adg-ya-africom-grobler-akangami-na-a%C3%A9roport-ya-n-djili/6289868.html
health	COVID-19: Etats-Unis epesi $274 millions na molongo mpe $6 millions na RDC	"Etats-Unis epesi pene 274 millions ya ba dollars ya lisungi ya bokolongono na bikolo nziike ya Afrika mpe 6 millions dollars na RDC mpo na bitumba na coronavirus ya sika.   Mpo na eyano ya molongo mobimba ete ya Etats-Unis, département d’Etat mpe USAID epesi mpo na yambo misolo pene 274 millions ya ba dollars ya lisungi ya bokolongono mpe ya lisalisi na bikolo biye bizali na bosenga, kobakisa na yango, topesaka wuto kala na ba organisations multiatérales lokola OMS mpe UNICEF, esakoli liyebisi ya Département d’Etat ya Etats-Unis. ""Etats-Unis epesi lelo $6m ya lisungi mpo na kobundisa COVID-19 na RDC. Yango ekomisi makoki masi mapesamaki mpo na kobundisa Ebola mpe kobongisa système ya santé congolais mpe kotala na lolenge ya boyokani na biso na RDC,"" ekomi na Twitter Département d’Etat ya Etats-Unis. Lisungi ya na USAID ya pene na 274 millions epesami na mboka ya Afrika: Angola (570 000 USD), Burkina Faso (2,1 millions USD), Cameroun (1.4 millions USD), Côte d’Ivoire (1.6 millions USD), Éthiopie (1.85 millions USD), Kenya (1 million USD), Mozambique (2.8 millions USD), Nigeria (7 millions USD), Rwanda (1 million USD), Sénégal (1.9 USD), Afrique du Sud (2.77 millions USD), Tanzanie (1 million Usd, Zambie 1.87 millions USD), Zimbabwe (470.000 USD), Centrafricaine (3 millions USD), Somalie (7 millions USD), le Soudan du Sud (8 millions USD) mpe Soudan (8 millions USD)."	https://www.voalingala.com/a/covid-19-etats-unis-epesi-274-millions-na-molongo-mpe-6-millions-na-rdc/5352354.html
health	Colonel John Tshibangu atiyami na bopemi ya monganga na Centre Nganda	"Colonel John Tshibangu atiyanmi banda mokolo ya mposo na bopemi na Centre Nganda, elobi moko na bayi nzinganzinga na ye. ""Abimisami mpo na alanda lisalisi ya monganga kasi akozonga lisusu na boloko te,"" elobi moto apesi sango eye na VOA Lingala. Moko na ba avocet na ye andimi likambo yango mpe ayebisi ete ""John Tshibangu abimi, azali lisusu na boloko te kasi dossier na ye esili malamu te, ezali mpo na kopema mpo na kozwa lisungi ya monganga"". Col. John Tshibangu atelemelaki mokonzi ya kala, Joseph Kabila mpe aboyaki ete asala mandat ya misatu. Abangisa ye kokweyisa ye na coup d'Etat. Azalaki komilakisa na ba video liboso ya mampinga mpe komibenga general. Bamokangi na Dar es Salam, na Tanzanie, le 5 fevrier 2018. Bazongisa ye na Kinsahsa. Basambisaki ye mpe batiyaki na boloko."	https://www.voalingala.com/a/colonel-john-tshibangu-atiyami-na-bopemi-ya-monganga-na-centre-nganda/5232196.html
health	COVID19 : Tanzanie epesi etumbu na mokambi ya loboratoire mpo na ba résultats ya mabe	"Ministre ya bokolongono ya Tanzanie apemisi mokambi ya laboratoire national nsima na mokonzi ya mboka John Magufuli kopamela ye mpo na bilembo ya malanu te na ba tests ya COVID-19. ""Tangu mosusu ezali mabunga ya misala (erreurs techniques) to nkisi (réactifs) oyo ewutaki na libanda ya mboka nde eza na nkwokoso. Ekoki mpe kozala ete basali (techniciens) bafutamaki na bato baiike mpo na kokotisa bato na libunga,"" ekebisaki dimanche na lisikulu etiyamaki na tv ya l’Etat TBC, président Magufuli. Président Magufuli azali kondima te ete coronavirus ya sika epanzani mingi na mboka na ye kolanda bilembo ya laboratoire national. M. Magufuli alobi ete amekaki ye moko na kobombama kosala test na nzete ya payi payi, na ndeke caille mpe na ntamba mpe ba tests yango emonanki positifs. Mpo na ye, ekoki kozala ""sabotage"". Ministre ya bokolongono Ummy Mwalimu apesi mitindo lundi mpo ete mokambi ya laboratoire national apemisama na mosala na ye. Mme Ummy Mwalimu alobi lipinga lya balukiluki libwa litiyami na esika mpo na kotala malamu likambo ya ba tests. Bayi opposition balobi ete politiki ekoti na kati. ACT (Alliance mpo na changement mpe transparence) ekomi na Twitter ete ekanisi ete mokambi ya laboratoire asali mabe ata moke te. Moto wa yambo azwamaki na COVD-19 na Tanzanie le 16 mars. Ekolo eye ekomi na bakoni 480 sik’oko, bato 16 bakufi."	https://www.voalingala.com/a/covid19-tanzanie-epesi-etumbu-na-mokambi-ya-loboratoire-mpo-na-ba-r%C3%A9sultats-ya-mabe/5404733.html
health	Pasteur azuwamaki na Ebola na Goma akufi	"Moto ya yambo moye azuwami na Ebola na Goma o’mokolo ya eyenga akufi na nzela ya bomemami na ye na Butembo, kolanda bakambi ya misala ya bokolongono. ""Nayebisi bino ete mokoni wana akufi na nzela ya Butembo, "" asakoli mokambi ya etuka ya Nord-Kivu, Carly Nzanzu. Moto azalaki Pasteur ya etonga moko na Sud-Kivu, akendeki na bokutani (convention) ya Butembo, esika wapi asambelaki mpe atiyelaki maboko na babeli o’mokolo yay a minei moleki. Amonisaki bilembo ya Ebola na nzela ya bozongi na ye, na Goma, esika wapi alukaki lisungi nsima na moto mpasi mpe fevele. Bomonani ya mobeli moye ya yambo na Goma bomemaki bobangi na engumba eye mpe bisika mingi. OMS, Misala ya molongo ya bokolongono, elobi ete yango ezali kokebisa bato banso. ""Ezali bokebisi pamba te ntango nyonso mokoni alongwe esika moko akoki komema bokono bisika akeyi, "" elobaki lobi loleki, mokambi ya makambo ya makama ya OMS, Mike Ryan."	https://www.voalingala.com/a/pasteur-azuwamaki-na-ebola-na-goma-akufi/5002475.html
sports	Fifa etelemisi mosala ya mokambi CAF Ahmad Ahmad mpo na mibu mitano	Fifa etelemisi mosala ya mokambi ya CAF Ahmad Ahmad (vice-président ya Fifa) mpo na mibu mitano mpe epesi lomando ya 200.000 Francs suisses mpo na kopengwisa misolo. Ahmad Ahmad, mibu 60, akangamaki mpo na mwa ntango na Paris na juin 2019 mpo afundama na kaniaka. Misala mya sembo mya Fifa elobi ete mokambi ya CAF azangaki sembo, mpe apesaki makobo na biloko misusu, aselelaki misolo na ndenge esengeli te mpe asalelaki bokonzi na ye na ndenge ya mabe. Esengelaki Ahmad Ahmad apesa lisusu nkombo na ye na maponami makoya ya mokambi ya CAF. Kasi etumbu eye ekopekisa ye.	https://www.voalingala.com/a/fifa-etelemisi-mosala-ya-mokambi-caf-ahmad-ahmad-mpo-na-mibu-mitano/5674866.html
health	Manu Dibango akufi na COVID-19	"Manu Dibango, saxophoniste Camerounais mpe nganga na mindule ya Afro-Jazz, akufi na France na coronavirus ya sika COVID-19. Azalaki na mibu tuku mwambe na motoba. Sango ya liwa lya ye esakolami na mokambi ya ndako ya edition ya miziki na ye, Thierry Durepaire. Manu Dibangu ayebanaki mingi mpo na world music wuto asalaki palata ""Soul Makosa"". Ndambo ya nzembo ezwamaki na Michael Jackson mpe bakendaki na bazuzi. Manu Dibango alongaki mpe afutamaki. Kasi na misala mya ye mindule alekaki mpe na ekolo Congo démocratique epayi wapi abetaki na ba nganga ya mindule misusu lokola Rochereau Tabu Ley, Kale Joseph, Nico Kasanda, Sam Mangwana mpe basusu."	https://www.voalingala.com/a/manu-dibango-akufi-na-covid-19-/5342933.html
business	Matungulu akambi BAD na masolo na PM Ilunga mpo na kosunga mbulamatari	"Freddy Matungu, mokambi ya sika ya BAD (Banque africaine de développement), alaki lisusu lisungi ya mosala na ye na mbulamatri ya RDC. Ezalaki nsima na masolo ya mikolo mibale na batambwisi ya ekolo eye. M. Matungulu akambi lipinga ya BAD liye lisololi na mbulatari ya ekolo Congo démocratique wuta suka ya mposo moleki. ""Tozali kokende nsima na koyeba malamu makombo ya litomba maye mbulamatari alingi kosala,"" eyebisi M. Matungula na bapanzi sango. Alobi ete mobembo na ye na lipinga ya BAD elakisi lolenge BAD ezali kosepela makasi kosunga RDC. Kasi alimboli ete BAD esengi mbongwana mbulamatari kosala mbongwana mpo etali politique économique mpe sociale. Abeti sete ete BAD ezali kopesa litomba ya liboso na énergie (lotiliki), bileyi ya bato (milona, industries), intégration régionale, social, éducation mpe santé (bokolongono). BAD nde ekopesa misolo mpo na botongi na gbabga ya engunduka mpe mituka kati na Brazzaville mpe Kinshasa, bingumba mingama. Misala ya botongi yango mikobanda na juillet 2020. Kasi RDC, elingi yambo kotonga lipongo ya Banana. M. Matungulu azalaki moko ya bayi Lamuka (lingomba ya oppostion). Nkombo na ye epesamaki na président Félix Tshisekedi na juillet mpo na kokamba BAD."	https://www.voalingala.com/a/matungulu-akambi-bad-na-masolo-na-pm-ilunga-mpo-na-kosunga-mbulamatari/5152177.html
