politics	Waraana Tigraay: Fedhiin gargaarsa namoomaa Affaar keessatti dabaluun himame	Waraana Kaaba Itoophiyaatti gaggeeffamaa jiruun wal qabatee lakkoofsi namoota deeggarsi namoomaa barbaachisuuf Affaar keessattis dalbuusaa Sagantaan Nyaata Addunyaa (WFP)n beeksiise. Waraana Sadaasa 4, 2020 Tigraay keessatti eegalee yeroo ammaa gara naannoolee ollaatti baballachuun naannolee Amaaraafi Affaar keessattis akka namoonni qe'eefi qabeenyasaaniirraa buqqa'aniif sababa ta'uunsaa ni yaadatama. Waraanichaan wal qabatees kaaba biyyatiitti namoonni miiliyoona 9.1 ta'an deeggarsa namoomaa akka barbaachisu himameera. Naannoo Affar keessatti qofaa daa'imman umuriinsaanii waggaa shanii gadii %30 caalan hanqina nyaata madaalawaaf saaxilamuu Sagantaan Nyaata Addunyaa toora tiwitara isaarratti beeksiiseera. WFP hawaasaa Affaar, mootummaa Itoophiyaafi aanga'oota naannichaa waliin ta'uun deeggarsa nyaataa murteessoo ta'an dhiyeessaa jiraachuu himeera. Naannoo Affaar aanaa Kunnabaa keessatti qaamoolee dhimmisaa ilaallaltu waliin ta'uun buqqaatota naannichaa aanaalee 40 irraa dhufan kuma 500 oliif deeggarsa namoomaa taasisuu dhaabbatichi beeksiiseera. Keessattuu aanaa Kunnabaatti karaan ittiin deeggarsi namoomaa geeffamu waan badeef ummannii bahuun suphaa akka jirulleen dhaabbatichi dabaluun himeera. Haaluma walfakkaatun, Sagantaan Nyaata Addunyaa (WFP) dameen Itoophiyaa konkolaataawwan deeggarsa namoomaa adda addaa fe'an 79 torban darbe keessa magaalaa Maqalee galuu gaafa Sadaasa 27, 2021 ture kan beeksiise. Konkolaataawwan deeggarsa namoomaa fe'an kan biraas daandiirra jiraachuu ibsuun isaa ni yaadatama. Dhaabbatichi akka himeetti taanaan, konkolaatawwan jedhaman kunneen deeggarsa nyaataafi meeshaalee lubbuu baraaruuf oolan kan fe'anidha.	https://www.bbc.com/afaanoromoo/oduu-59456577
health	Gosoota qamalee iddoo turtii bineensota San Diyaagootiif talaalliin yaalii Covid-19 kennameef	Weerarri Covid gorillaawwan turtii bineensotaa San Diyaagoo keessa jiran gidduutti ka’uu hordofee, gosoota qamalee bakka turtii kana keessa argamaniif talaalliin yaalii Covid kennameefi jira. Talaalliin yaalii kun sanyii qalamee oraangutaan afurii fi bonoboo shaniif kan kenname wayita ta’u, tokkoon tokkoo isaaniif doozii lama dhaabbati dawaa bineeldotaa oomishu ‘Zoetis’ jedhamu oomishetu kennameef. Gorillaan saddeet iddoo eegumsa bineensota keessatti argaman qamaleewwan gurguddoo jalqaba addunyaarratti Covid qabachuun isaanii Amajjii darbe mirkana’eedha. Amma garuu dhibicharraa bayyanataniiru. Quqamtoonni uumamaa sodaan Covid qamaleewwan gurduddoo irraatti uumetti yaadda’uu himaniiru. Keessattuu gorillaan balaaf saaxilamuun akka isaan yaaddessu kaasan. Dhaabbanni IUCN bineensa baduuf qarree gahee keessatti gorillaa ramadeera. Hoggantuun iddoo kunuunsa bineensotaa San Diyaagoo Nadine Lamberiski, ‘’kuni baratamaa miti’’ jechuun Naashinal Ji’oogiraafikitti himte. ‘’Hojii kiyya keessatti talaallii yaalii adeemsa jalqabaarra jiru takkaa argannee hin beeknu, kana dura yeroo muddamaan talaallitti fayyadamuu barbaannes hin turre’’ jette. Sanyiin Orangutan wal’aansa baqaqsanii yaaluu onnee bara 1994 addunyarraatti yeroo jalqabaatiif kennameef Karen jedhamtu kanneen talaallii argatan kessaati. Lamberskin akka jettetti, qamaleewwan talaalliicha erga fudhatanii booda rakkoon cinaa kan irra hin geenye tahuu himuun,  talaallichi milkaa’aa tahuu murteessuuf qo’annoo farreen qaama alagaa ni taasifamaafi jette. Koronaavaayirasiin bineensota biroo iddoo kunuunsaa Niwuyoork fi Baarseloonaa keessa jiran kanneen akka leencaafi qeerransa qabee ture. Vaayirasichi addunyaarratti bineensota adurree fi saree dabalatee bineensa mink jedhamurrattille argamee ture. Haa ta’u malee, lakkoofsi bineensota vaayirasichi irratti argamee xiqqaa ture. Dhaabbanni dawaa bineeldotaa oomishu ‘Zoetis’ talaallii Covid saree fi addurreedhaaf hojjachuu kan eegale Guraandhala bara darbe sareen Hoong Koongitti vaayirasichaan qabamuu hordofuun ture. Talaallichis saree fi adurreerratti milkaa’aa fi miidhaa irraan kan hin geenye ta’uun Hagayya bara darbee himame. Amma Guraandhala baranaatti talaallichi bineeldota biroorratti garuu hin yaalamne. Aadde Lamberskiin qamaleewwaan gurguddoo kana talaaluun rakkoo jiru cinatti wayita ilaalamu, fudhachuun sirriidha jetti. ''Talaallii saree fi adurreef hojjatame leencaa fi qeerransaafillee talaaluuf waloon itti fayyadamna'' jette Aadde Lamberskiin.	https://www.bbc.com/afaanoromoo/oduu-56289763
politics	MM Abiy dabalatee gaggeessitoonni pirezidantii haaraa Somaaliyaaf ergaa baga gammaddee dhaaman	"Ministira Muummee Itoophiyaa Abiy Ahimad (PhD) dabalatee gaggeessitoonni addunyaafi namoonni bebbeekkamoo pirezidanti haaraa Somaaliyaa Hasan Sheek Mohaammudiif karaa tiwitaraan ergaa baga gammaddee dhaamaaf jiru. Hasan Sheek Mahaammud filannoo pirezidaantummaa Dilbata kaleessaa gaggeeffameen ture kan injifatan. Hasan Sheek Mahaammud  kanaan dura bara 2012 hanga 2017tti pirezidantii Somaaliyaa ta'uun tajaajilaniiru. Filannoo miilanaa kanaanis sagalee miseensota paarlaamaa Somaaliyaa 328 keessaa 214 argachuun mo'atanii ammas waggoota itti aanan afuriif Somaaliyaa bulchuuf baallii harka galfataniiru. Pirezidantiin haaraa kun bu'aan filannichaa baramee mo'achuu isaanii akkuma baraniin waadaa seenaniiru. Somaaliyaa dhinsuudhaaf ni hojjenna jedhan yeroo waadaa galananitti dubbii dubbataniin. Pirezidantiin baallii kennan Mohaammad Abdullaahii Farmaajoon ammoo mo'amuu isaanii amananii fudhachuun, prezidantii haaraa filataman kana lammileen Somaaliyaa ""akka deeggaraniifi akka milkaa'uufillee akka kadhataniif"" gaafataniiru. Ministirri Muummee Itoophiyaa Abiy Ahimad (PhD) ergaa baga gammaddee toora Tiwiitara isaaniirratti dabarsaniifiin,  dhimmoota waloofi naannawichaa irratti waliin hojjenna jechuun dubbatan. Dubartiin miseensa Kongirasii US taateefi dhalattuu Somaaliyaa Ilhaan Omaar ammoo ergaa dabarsiteen filannoo kanaan uummanni Somaaliyaa hundinuu injifataniiru jette. ""Waggoota kurnan hedduu tasgabbii dhabuu keessa kan turte biyyattiin hundi keessan akka waliin taatanii hojjettan hunda keessan barbaaddi,"" jechuun Tiwiitaraan ergaa dhaamteetti. Somaaliyaatti ambaasaaddarri Gamtaa Awurooppaa Tiinaa Intelmaanis ergaa karaa Tiwiitaraa dabarsiteen Hasan Sheek Mahaamudiin baga gammadde ittiin jetteetti. Ministirri Dhimma Afrikaa UK Viikii Foord akkuma kana ergaa baga gammaddee Tiwitaraan erga dhaamteefiin booda mootummaan ishee hojii Somaaliyaan ""nagaa buusuudhaaf carraaqaa jirtu, al-Shabaab qolachuuf taasisaa jirtuufi balaa hongee hamaa biyyattiin itti jirtu keessatti cinaa akka dhaabbatu"" dhaamteettiif."	https://www.bbc.com/afaanoromoo/61461860
sports	Gabaan jijjiirraa tibbanaa taphattoota ciccimoo warra kam kilaba isa kamitti geessa?	Tapha Pireemer Liigii Ingiliiz bara kanaa Hagayya 5 jalqabuuf jiru dura gabaan jijjiirraa taphattootaa akkuma ho'etti jira. Kilaboota ciccimoo Liigichaa warra akka Maanchester Yunaayitid, Maanchester Siitii, Arsenaaliifi Chelsii dabalatee gareen hundi gabaa taphattootaa bahanii soqachaafi sossobachaa jiru. Maanchester Yunaayitid taphataa sarara gidduu Baarseloonaa Firaankii di Yoong Paawondii miliyoona 65 itti baasuun qe'ee isaatti fiduuf dhiyaateera. Taphataa lammii Neezerlaand kana Baarseloonaa irraa fiduuf Maanchester Yunaayitid baasii kana qofaan kan milkaa'u miti. Baarseloonaan dabala irratti gaafachuutti waan jiruuf ammallee waliigaltee isa dhumaarra akka hin ga'amiin jiru maddeen kilabichaa ni mullisu. Haata'u malee, taphataan kun akka gara Maanchester Yunaayitid dhufu dubbiidhuma dhumatte fakkaatti. Taphataan umuriin isaa waggaa 25 ta'e kun,  taphataa haaraa ganna kana keessaa leenjisaan Maanchester Yunaayitid Teen Haag ija irra godhatedha. Maanchester Yunaayitid Yoong malee Ganna kana keessa taphataa biroo fidatu jedhamee eegama. Maanchester Yunaayitid taphataa sarara gidduu Denmaark umuriin isaa waggaa 30 ta'e Kiristiyaan Eriksan mallatteesisuuf eegaa jira. Erkiseniif Bireentford'illeen dhoofsisee akka barbaadu itti himeera. Walumaagalatti Maanchester Yunaayitid taphattoota biroo sarara gara garaa irratti barbaadaa jiraatus Yoong fiduun garuu kan dursi kennameefidha.  Taphataa sarara duraa Maanchester Siitiifi Biraazil Gabri'el Jiisas baasii Paawondii miliyoona 45 itti baasuun fudhachaa kan jiru Arsenaal,  osoo adeemsa jijjiiraa hin xumuriin dura qorannoo fayyaa taasifachuutti jira. Taphataan lammii Biraazil umuriin isaa waggaa 25 ta'e kun kilaboota Piriimer Liigii Ingiliiz dabalatee guutummaa Awurooppaa keessatti haalaan barbaadamullee, inni garuu warra Gaaners galuu filateera. Jiisas bara 2017 Palmee'iraas irraa gara Maanchester Siitii dhufee taphoota 236 taphateefiif galchiiwwan 95 lakkoofsiseeraaf. Turtii isaa Maanchester Siitii keessatti Piriimer Liigii afur, Liig Kaaps sadiifi FA Cup tokko mo'ateera. Siitiin taphataa sarara duraa lammii Noorwey Erliing Halaand Boorsiyaa Doortimoond irraa fiduu isaa hordofee Jiisas carraa hiriiruu inni qabaatu ni xiqqaata ture. Jiisas kanaan dura manaajera Arsenaal yeroo ammaa Mikeel Arteettaa Maancheester Siitii turetti waliin hojjeteera waan ta'eef haalaan wal beeku bakka qaawwe guuttachuuf gabaa keessa jira. Arsenaal taphataa sarara gidduu Faabiyoo Viyeeraa Poortoo irraa Paawondii miliyoona 34.2n gannuma kana mallatteessiseera. Ammas dabalataan maqaan Arsenaal taphataa Liids Yunaayitid kan ta'e Rafiinaa waliin ka'aa jira. Chelsiin taphataa sarara duraa Ingilaand Raheem Isterliing Maanchester Siitii irraa fudhachuuf gaafachaa jira. Isterliing bara 2015 keessa baasii Paawondii miliyoona 49 ta'uun Liiverpuul irraa gara Maanchester Siitii kan dhufe yoo ta'u, taphoota 339 itti hirmaatee gooliiwwan 131 lakkoofsiseera. Taphataan kun abbaa qabeenyaa Cheelsii haaraa Todd Boehly' tiif jijjiiraa isa guddaadha jedhameera. Taphataa umuriin isaa waggaa 27 ta'e kana fudhachuuf Chelsiin ammallee ifatti hin gaafatiin jira, garuu dhiyootti kun ni ta'a. Jijjiirraan taphattootaa Piriimer Liigii kun guyyoota itti aanan keessas cimee itti fufa.	https://www.bbc.com/afaanoromoo/articles/cxevlj4kdlmo
entertainment	Boolla Qayyaa Kamiseetti: 'Dhiirri nadhoo qayya aarfattu ilaala'	Miidhagina qaamaaf maloota aadaa hawaasni fayyadamu keessaa tokko qayyi isa tokko. Haati Kamisee Aanaa Dawwaa Caffaatti BBCn dubbise tokko ''Akkam jedheen odoo [qayya] hin aarfatiin dhiira waliin bula?'' jedhu. Viidiyoon Yaadataa Birhaanuu fi Haabtaamuu Xibabuu	https://www.bbc.com/afaanoromoo/oduu-50114414
politics	Maartin Luuter Kiing eenyu, ammoo maaliif hanga ammaa maqaan isaa ka'a?	"Dhaadannoon Maartiin Luutar Kiing, haasaan inni ''abjuun qaba'' jechuun Ameerikaa keessatti namni sanyii kamiituu haala wal qixa ta'een akka ilaalamuuf waamichi inni taasisee, dubbii jabduu hanga ammaatti nama jajjabeessu, dhiibbaa uumeefi kan jaarraa kana keessatti illeen onnechiisu tahee itti fufeera. Yaadniwwan inni kaasee kunneen garuu har'allee kan adeemsa hojiirrarra jiraniidha. Dhorkaawwan filannoo haaraa, gurraachotaa fi harka qalleeyyii addatti miidhuun, mallattoowwan ammalleen dubbiin Maartiin Luutar akka guutummaatti hojiirra hin oolle agarsiisaniidha jechuun gabaasaan BBC World Service Paabloo Uchoo hime. Hagayya 28 bara 1963, namoonni 250,000 tahan dubbii nama tokkoo dhagahuuf jecha bakka yaadannoo Abirahaam Liinkan [Lincoln Memorial] jedhamu Waashingitan DC'tti walitti qabaman. Maqaan isaa Dr Maartiin Luutar Kiing Jr jedhama. eDubbiin inni dubbate har'allee adunyaa guutuu irratti fudhatama qaba. Dr Kiingi ilma luba Kibba US, kutaa Joorjiyaa keessatti dhalate abjuu jireenya ijoollee isaa isa kan inni jiraate irraa adda gochuu danda'u qabu turan. Qoollifannaan sanyummaa ykn qoqqooddaan uummata gurraachaa fi uummata adii gidduu ture ammayyuu Kibba Ameerikaa keessatti hojiirra oolaa jira. Uummata Gurraachaafi ummanni adiin adda bahuun bakka adda addaa keessa jiraatu. Mana nyaataa adda addaa fayyadamu. Konkolaataa uummataa adda addaa fayyadamu, akkasuma madda bishaanii tokko irraa hin dhugan ture. Yeroo kana keessa seerri ture jireenya uummata gurraacha kallaattii hedduudhaan miidheera. Hojii hojjataniif kaffaltii xiqqaatu kaffalamaaf ture. Jireenya gadi bu'aa jiraataa turan. Akkasumas barnoota qulqullina hin qabne argatu ture. Addumatti seerri cunqursaa ture akka uummanni gurraachi bakka buutota isaanii filatanii seericha hin jijjiirree gochaa ture. Garuu abjuu Dr Martiin Kiingi durii sana yoo yaadattu si'a lama yaaduu dandeessa. Akkaataa maatii isaatti, ji'oota darban muraasa gaafa ilaaltu ammayyuu abjuun Dr Kiingi akka galma hin geenye yaaddatta. Kutaalee hundaa qoqqooddaan sanyummaa keessatti mul'ata hunda keessatti bakka buutonni mana maree Rippaabilikaanotaa seera warreen lakkoofsaan xiqqaa miidhu, addatti uummata gurraacha filannoo irratti hirmaachuu danda'u addatti miidhu hojiirra oolchan jedhan aktivistootni. Kun seera waraqaa eenyummaa kennuu akkaan daangeffamee hojjiirra oolchuu fi gaafa filannoo ammoo uummata sagalee isaa kennuuf hiriira irra oolu nyaataa fi bishaan dhowachuufaa qaba. Joo Baayiden fi Doonaald Tiraamp Erga Joo Baayiden aangoo qabatanii as seeronni akkasii kunneen isteetota Ameerikaa 19 keessatti ragga'aniiru. Kunis Teksaas, Filooriidaa fi Arizoonaa dabalateeti. Isa dura kan ture Doonaald Tiraamp, Baayidan sagalee hatuun filannicha mo'ate jedhe. Haa tahu malee ragaa kan tahu homaa hin dhiyeesine ture. Amajji 17 bara 2022 yeroo Ameerikaan Guyyaa Maartiin Luutar Kiingi yaadachuun ooltu ilmi fi intalli isaa akkasumaan guyyicha yaadachuun dabarsuu osoo hin taane, faana isaa hordofuun mirgi gurraachotaa akka eegamuuf tarkaanfiin fudhatamu qabaata jedhan. ""Guyyaa Kiingi yaadannee dabarsina, hundi keessanuu akka guyyicha yaadachuun ayyaneffatan isin jajjabeesina,'' jette Berniis Kiingi, amma hojii gaggeesituu ol aantuu Gidduu Gala Jijjiirama Hawwaasaa jeequmsaan bilisaa Maartin Luuter Kiingi kan taate. ''Haa tahu malee yoo mirgi filachuu keenyaa ammas rarra'ee kan hafu tahe, ....hundi keenyayyuu, yaadannoo garaagaraa qabnuu fi miidiyaalee fayyadamuun guyyicha waan Kiingi gochuu jaalatuun ayyaaneffachuun dabarsina,'' jette. ''Abbaankoo biyyi kun akka waadaa dimokiraasii ishee galmaan geessuuf dubbachuun ni hojjeta ture. Guyyaa Kiingi itti yaadatamu sana hojiirra hafuun qofa oso hin taane seera mirga filachuu dabarsuun ayyaaneffachuu qabu,'' jette. Wal dhabdichi ''yeroo murteessaa'' dimoraasii Ameerikaa ture jedhan hogganaan falmaa mirga siivili beekamaan Reverendi Al Shaarpitan. Kibxata [Amajji 11] mana jireenyaa duraanii Maartiin Luutar Atilaantaa jiruu kan dubbatan Baayidan mirgi filachuu ''waraana lubbuu Ameerikaaf tahu'' jedhan. ''Maartiin Luutar Kiing cinamoo, ykn Joorji Waalash cinaa dhaabbacuu barbaaddu?'' jechuun Baayidan gaafatan nama gurraachaa duraan Alabamaa bulchaa ture kaasuudhaan. Qabsoon qoolliffannaa sanyii xumura itti gochuuf gaggeeffame murteessaan bara 1955, yeroo Roozaa paarki Alaabaamaa keessatti taa'umsa konkolaataa uummataa irra irraa ka'uun nama adiif akka kennitu gaafatamtee diduun adabamte gaggeeffame. Katucha Beentoo, Yuunvarsiitii Edinburgh keessatti barsiistuu Santummaa fi Farra Koloneeffannaa kan taate: ''Ummanni gurraachi garbummaa, ajjeechaa seeraan alaa fannifamuun raawwatuu fi jeequmsa hundaa mormii malee tole jedhanii yeroon itti fudhatan hin jiru,'' jette. Kanaafuu ''barri qoollifannaa sun adda hin turre,'' jechuun BBCtti himte. Uggura Konkolaataa uummataa Montgomery Roozaa Paarki erga hidhamtee uummatni gurraachi naannichaa tajaajila konkolaataa uummataa waggaa sana guutuuf fayyadamuu dhaaban. Dr Kiingi uummata gurraacha sanatti makamuun dhorka tajaajila konkolaataa uummataa sana yoo deeggaru, isatti fayyadamuun duula qoolliffannaa sanyii akka dhaabbatu gaggeessaa ture. ''Sosochiin mirga siivilii bara 1950 fi 1960 keessaa duula wal qixxummaan haqaa akka dhufu godhamaa turedha,'' jedhan Pirofeser Beentoon. Duulli gaggeeffamaa ture ajandaa hedduu kan qabu yoo tahu, barnoota babal'isuu, dhiyeessii nyaataa akka argatan gochuu, pirojektii adda addaa ijaaruu fi hawwasichi akka bilisoomuuf fi walaba tahee jiraatuuf ijaaruu ture. Dubbiin Dr King uummanni akka qoollifannaa sanyii kana irratti qabsaa'u godhus deebiin uummata adii garuu sanuma ture. Maatii isaa ni ajjeefamtu jedhamuun doorsifamaa turan. Manni isaaniis boombidhaan haleelameera. Inni garuu humna dubbii isaa itti amanuu fi hawwaasa kakaasuu sanaan qabsoo isaa itti fufe. Luutar qabsoo karaa nagaa gaggeefamutti nama amanu yoo tahu deebii jibbinsaa kennuu hin jaalatu ture. Pirofesar Beentoon tooftaan qabsoo Kiingi karaa nagaa gaggeffamu sun ''akka hin taanetti hubatamuun callisanii fudhachuutti fakkeefameera,'' jette. Garuu sana irraa fagoo tahuu himuun Kiingi ''hubannaa qabsoo karaa nagaa uummata Ameerikaaf hawwu tahuu himte. Farra sanyummaa, wal qixxummaa fi hawwaasa walaba tahe ijaaruu barbaada,'' jette. Hiriirri Carraa Hojii fi Bilisummaaf jedhamuun bara 1963 Waashingitanitti bahame yeroo murteessaa qabsoo mirga siiviliif gaggeeffame ture. Haala qilleensaa ho'aa Waashingitan keessatti uummatni walitti qabame sun dubbi qabsoo karaa nagaa Dr Luutar sana hordofaa turan. Siidaan pirezidaantii Ameerikaa Abirahaam Liinkan garbootni US hundi bilisa jechuun bara 1963 fi 1964 labse duubaan dubbataa turuun sosochiin siivilii farra qoollifnnaa sanyummaa fi Dr King injifannoo argatan. CLabsiin Mirga Siivilii  ifatti qoolliffannaa uummata keessaa fi qacarrii hojii irratti mul'atu akka dhaabbatu ajaje. Haa tahu malee qabsichi sana garas ture. Warri farra wal qixxummaa tahan tooftaa biraa ittiin imaammata sanyummaa lellisu baasan hordofaa turan. Seerri gara Kibba biyyattii ture uummatni gurraachi galmaa'uun akka filannoo irratti hin hirmaanneef rakkoo guddaa itti tahee ture. Bara 1965, Dr Kiingi magaalaa Seelmaa, Alabamaa hanga magaalaa guddattii naannichaa Montgomeriitti hiriira guddaa gaggeessuun seericha mormaa ture. Hiriirtonni daandii kiilo meetira 87 dheeratu yoo jalqaban qondaalota naannoo irraas mormii cimaan isaan mudateera. Garuu Kiingi mormii karaa nagaa gaggeesumatti cichee itti fufe. Kiingi qabamuun yeroo 29 oliif hidhameera. Ebla 4,19\68 balbala hoteela isaa Arizoonaa jiruu irra osoo dhaabatuu nama adii tokkoon rasaasaan haleelamee du'e. Seenaa Ameerikaa keessatti ajjeefamuun isaa homaa hojii isaa gadi hin qabne. Qabsoo inni wal qixxummaaf gaggeesse hanga har'aatti itti fufee jira. Sosochiileen mirga siiviliif falman hedduun faana qabsoo Kiingi duukaa bu'aniiru. ''Hojiin isaa hin duune farra sanyummaa irratti gaggeesse qabsoo har'a haqa hawwaasaaf tasifamu keessatti hidda gadi fageeffateera,'' jette pirofeser Beentoo. Kaffaltii jireenyaa madaalawaa, Mana jireenyaa, eegumsa fayyaa fi barnootni qabxiilee ijoo akka uummatni gurraacha argatuuf qabsaa'aa turedha. Dubbiin Maartin Luuter taassaa ture bara kanas dubbii nama jajjabeessu tahuun beekamu. Kutannoo inni ofii isaa balaarra of buusee wal qixxummaaf dubbaachaa turuun isaa bu'uura dimokiraasii Ameerikaa fi mirga yaada ofii bilisaan ibsachuuti jedhu hayyootni seenaa. Sochiin Lubuun Gurraachotaa Gatii Qaba 'Black Lives Matter' jedhu dhiyeenya gaggeeffamaa ture sanyummaa naannoo dhaabbilee fi miidhaa poolisiin dhaqqabu qajeelchuuf ooleera. Wagga waggaan dandeettiin dubbii Maartiin Luutar Kiingii fi aboo ''abjuun'' isaa qabu yaadatamuun guutummaa US keessatti gaafa Wiixataa guyyaa dhalootaa isaa Amajji 15,1929tti kan dhiyaatu irra kabajamee oola. Guyyumti kabajaa isaa kunillee dubbichi hamma kan wal falmisiisaa akka turee fi jiru tahuu hima. Guyyichi erga Kiingi du'ee kan gaafatame tahus, Kongirensii Ameerikaaf hojiirra oolchuuf waggoota itti fudhateera. Guyyaan Maartiin Luuter Kiingi jalqaba kan kabajame bara 1986 yoo tahu, garuu hanga Kibba Ameerikaattis fudhatamuun hojiirra ooluuf waggoota baay'ee fudhateera."	https://www.bbc.com/afaanoromoo/oduu-59954206
politics	US garee hidhattootaa Huutii shororkeessaa jechuun labsuuf	US garee hidhattootaa Huutii kan Yaman keessa jiruun shororkeessaa jechuun labsuuf ta'uu beeksise. Gareen kun gama isaan US karoora kanaan yoo itti fufte biyya waraanaan miidhamte Yaman keessatti dhiyeessii deeggarsa namoomaatti danqaa akka ta'u doorsisaa jira. Ministirri haajaa alaa Ameerikaa Maayik Pompiyoon kaayyoon isaanii garee Huutii kan haleellaawan daangaa ce'uun namoota nagaarratti raawatamu, miidhama bu'uura misoomaafi geejiba galaanaaf gaafatamaa gochuudha jedhan. Labsiin kun ''gochoota badaa'' deeggartuu isaanii Iraan waliin godhamus ni hambisa jedhan.Ejensiiwwan gargaarsaa garuu naannolee sababa waraanaan miiliyoonotni beelaafa itti saaxilamanitti labsiin kun deeggarsi namoomaa akka hin qaqqabamne godhaa jechuun yaada US mormaa jiru. ''Kun ifatti badiisa dippiloomasiiti'' jedhu Pireezidantiin dhaabbata gargaarsa namoomaa idila addunyaa 'Rescue Committee' Deeviid Milibaand. Hoogganaan Huutii ammoo bulchiinsa Doonaald Tiraampiin shororkeessaa jedhaniiru. Bara 2015 irraa kaasee Yaman lola hammaataa biyyoota alaa hirmaachiseen goolamaa jirti. Huutiin Lixa biyyattii yoo to'atan gareen mootummaa Saawdiin durfamu ammoo to'annoo mootummaa Yaman pireezidant Abdirabbuuh Mansuur Hadii jabeessuuf yaalii godhamuun Yamaan akka malee miidhamaa jirti. Gartuun mootummaa biyyattii deeggaru deeggarsa dabalataa biyyoota akka US, UK fi Firaans kan argatan yoo ta'u Iraan ammoo hidhattoota Huutii Misaayela, Dirooniifi leenjiin deeggarti isa jedhamu ni haalti. Lola kanaan namootni 110,000 yoo du'an  rakkoo namoomaa hammaataan addunyaa kanaa akka dhalatu sababa ta'eera. Lammiileen biyyattii 80% ta'an deeggarsa namoomaa fi eegumsa barbaadu.Pompiiyoon Dilbata kaleessaa akka beeksisanitti muummeen haajaa alaa dhimma kana Koongireesiif ibsuun hidhattootni Huutii yeroon bulchiinsaa Tiraamp xumuramuu dura Amajjii 19 shororkeessaa jedhamee akka raggaasifamu yaadan. Gareen dur Ansar Allah(michuu rabbii) maqaa jedhuun beekamu kun tarree dhaabbilee shororkeessaa biyya alaa jalatti akka labsamudha karoorrii Pompiyoo. Hoogganoonni Huutii sadii Abdul Maliik al-Huutii, Abdul Kaliiq Badr al-Diin al-Huutiifi Abdullaah Yaahyaa al-Hakiim ammoo addatti shororkeessitoota addunyaa jedhamuun akka adda bahan yaadame. Labsiin kun garee hidhattootaa kana yakka dalageef gaafatmaa gochuun cinaatti Yaman walaba taatee nagaa qabaattee dhiibbaa Iraan jalaas baatee ollaa ishee waliin akka jiraattu gochuuf akka fayyadullee himan Pompiyoo'n. Haleellaa Mudde 30 buufata xiyyaaraa magaala Adenitti raawwatamee lubbuu namoota 27 galaafatee akka fakkeenyaarrus kaasaniiru Ministirri haajaa alaa Ameerikaa kun. Mootummaa Yamaniif Saawdiin haleellaan kun hidhattoota Huutiin raawwatame jedhaniis garichi himannaa kana haaleera. Hoogganaan Huutii Mohaammad Alii al-Huutii deebii gama tiwiitariin kennaniin''Ameerikaan madda shororkeessumaati, imammatni bulchiinsa Tiraamp shororkeessaadha, gochi isaas shororkeessummaadha. Uummata Yamaniif dhimma isaanii miti kaayyoon isaa ajjeessuufi beelessuu waan ta'eef'' jedhan	https://www.bbc.com/afaanoromoo/oduu-55624219
entertainment	Kanniisni dhaltuun tuuta kanniisaan marfamte attamiin badhaasa suuraa mo’atte?	Battalli sun kan gammachuuti, tuutni kanniisa kormaa dhaltuu tokko marsanii jiru. Kormaa kana hunda keessaayis isa carraa qabeessa ta'etu qunnamaan. Suuraan ajaa’ibaa Kaareen Eyignariin kaafame kunis wal-dorgommii suuraa bineensotaa bara 2022 mo’ate. Gama tokkoon suurichi kan waan teeknikaa qabudha. Gochaa tuuta kanniisaa kana kaasuuf leensii guddaa fayyadamuun dirqama ture. '‘Suuraa kana kaasuuf lafa kosiirra foqoquun narra ture,’’ jechuun qoosteetti Kaareen. Seenaa wal-dorgommii waggaa 58 kana moa’achuun Kaareen dubartii Ameerikaa shanaffaadha. '‘Kanniisa kana barbaachan deeme miti. Kibba Teeksaasitti hojii qonnaa irrattin bobba'ee jira, kanniisas achumattiin arge. Boolla xixiqqoo kannisni man’ee isaanii keessatti ijaarratanin arge,’’ jechuun BBC'tti himte. Nyaanni bifa kubbaan qophaa’e kun laarvaan hamma ga’eessa ta’uttii fi marsaan wal-hormaataa akka itti fufu gargaara. '‘Suuraan kun ajaa’ibadha, humna guddaas qaba. Suuraa amala ilbisaa agarsiisedha,’’ jedhan murteessitoonni wal-dorgommichaa. '‘Suuricha guutuu kan godhe, waan xixiqqoo ijaan hin hubatamne qabaachuu isaati,'' jedhan. Kana qofaas osoo hin taane, s﻿uuraaleen gara birooa akkasumas damee garagaraa irratti wal-dorgomuun mo'ataniiru.	https://www.bbc.com/afaanoromoo/articles/c2lv571xlwdo
health	Koroonaavaayirasi: US'tti dhalattoonni Itoophiyaa talaallii Koronaa fudhatan maal jedhu?	Dhalattoonni Itoophiyaa US keessatti hojii tajaajila fayyaa hojjetan talaallii Koronaavaayirasii fudhatan talaallicha gammachuun fudhachuufi yaaddoo har'aa bor qabamna jedhu irraa baraaramuu himu. Kubbaaniyyaa Ameerikaa qoricha oomishu Faayizariifi kubbaaniyyaan teeknoolojii waldhaansaa Jarmanii Baayoonteek waliin ta'uun talaalliin Covid-19 oomishan US keessatti kennamuu erga eegalee torban lama darbeera. Talaalliin kun kanneen harka caalaan dhibee kanaaf saaxilamoo ta'aniifi ogeeyyiin fayyaa dursa argachuun fudhachaa jiru. Kanneen talaallii kana fudhatan keessa ogeeyyiin fayyaa dhalootaan Itoophiyaa ta'an ni argamu. Dr. Fitsum Haayilamaariyaam Filaadeelfiyaa Hospitaala Yuunivarsiitii Toomaas Jeferseen keessatti hakiima ispeeshaalaayiizdii dhibee keessooti. Talaallii kana fudhachuu isaanii BBC'tti himaniiru. Dr. Fitsum namoota dhibee kanaan miidhamanis du'aniis waldhaanaa talaalliin kun hanga argamu eegaa akka turan dubbatu. Talaallicha fudhachuuf murteessuunis akka isaan hin rakkisne himu. ''Adeemsa talaalliin kun keessa darbe dhiyeenyatti hordofeera. Sadarkaa maaliirra akka darbe, milkaahina isaafii fayyummaan isaa kan mirkanaahe ta'uu ragaa waaniin qabuuf talaalamuuf garaa hin hirre'' jedhu. Namni biraan talaallii kana fudhatan Daraaraa Daadhii jedhamu Kaalifoorniyaa keessatti gidduugala kunuunsaa Paalmitar jedhamu keessaa ogummaa Narsiin tajaajilu. Isaanis akkuma Dr. Fitsum talaallicha fudhachuuf garaa akka hin hirre dubbatu. ''Dhugumatti talaalliin kun argamuu isaatti hundi keenyayyuu gammadoodha. Keessumaa dhukkubsattoota waliin tuttuqqaa kan qabnu dhibeen kun har'aa bor nu qabe yaaddoo jedhu qaban ture... amma ogeessi fayyaa kamuu talaallii kanarraa gammachuu qaba'' jechuun gammachuu qaban ibsaniiru. Namootni dhibee kanarraa fayyaan qaamni isaanii dandeettii dhibee kana ofirraa qulachuu jabaa waan qabuuf deebi'ee nun qabu jedhanii of dagatu, talaalliinis nu hin feesisu jedhanii yaaduu malu. Dr. Fitsum namootni dhukkuba kanaan qabamanii fayyan talaallii kana fudhataniiru, fudhachuus qabuu jedhu. Namootni dhibee kanaan qabamanii fayyan irra deebiin yeroo qabaman argineerraa waan ta'eef dandeettin dhibee qolchuu qaama isaanii yeroo biraa laafuu akka malu qorannooniis waan akeekuuf talaallicha fudhachuu qabuu jedhan. Dr. Fitsum akka jedhanitti talaalliin kun saaxilamummaa ogeeyyiin fayyaa qaban irratti hundaa'uun dhukkubsattoota dhibee jabaarra jiraniif kanneen kutaa yaala atattamaa keessa hojjetaniif dursi kenname. Namni kamuu talaallii kana fudhachuun dura yoo xiqqaate haaldureewwan 10 guutuu qabaa jedhu Dr. Fitsum. Qaamni ofii talaallii kan hin jibbine(alarjii) ta'uu, garaatti kan hin baanne ta'uu, mallattoondhibee kamuu kan irra hin jirre ta'uu, fi dhukkubsatoota yaala kamiifu Hospitaala jiran ta'u dhabuun fa'aa keessatti argamu. Talaalliin marsaa duraa fudhatamee daqiiqaa 15'f namni achuma akka turu akka taasifamuufi kuniis qaamni bifa adda ta'een talaalichaaf deebii yoo kenne hordofuufi. Dr. Fitsum talaallii kana fudhachuun booda rakkoon waan isaan hin mudanneef hojii isaanii itti fufuu dubbatu. Talaalliin kun akkuma talaalliiwwan biroo lilmoon irreerra kan kennamu ta'uufi talaalliin marsaa duraa tokko erga fudhatamee torbee lammaffaa isaatti kan lammataa akka kennamu himan. ''Talaallicha fudhadhee daqiiqaa 30 boodan gara hojii deeme. bakkan waraannadhe dhukkubbii xiqqoon alatti wanti addaa hin jiru'' jedhu obbo Daraaraanis. Talaallii erga fudhatanii booda of eeggannoon akka hin barbaachifne namootni hubatan jiraataniis kun sirrii akka hin taane Dr. Fitsum himaniiru. Ogeeyyiin fayyaa talaallii kana fudhachuun damee fayyaaf deeggarsa gaaddaa akka ta'u obbo Daraaraan ni himu. Ogeeyyiin fayyaa umriin isaanii siiqe dhibee kana sodaachuun soorama bahuu isaaniitiin hanqinni ogeeyyii fayyaa mudachuu obbo Daraaraan ni dubbatu. Ogeyyiin kun talaallii fudhatanii hojiitti deebi'uu malus jedhanii abdatu. Kunis tajaajila fayyaa si'ataa gochuun ofitti amanamummaa ogeeyyii fayyaa dabalaa jedhu. Talaalliin kun akka dhuunfaatti, akka dhaabbataattis ta'e akka biyyaatti abdiin hore jiraatus of dagachuun akka hin uumamne of eeggannoorratti cimuun barbaachisaadha jehu Dr. Fitsum. Talaalliin kun hanga uummata hunda bira gahutti yeroo kan fudhatu waan ta'eefi dhibeen kun yaaddoo ta'uun isaa akka itti fufullee himan. Addunyaarratti hanga ammaatti namootni miiliyoona 78 ol Covid-19'n kan qabaman yoo ta'u kana keessa namni miiliyoona 1.7 ol ta'u lubbuusaa dhabeera. Talaalliiwwan gosa adda addaa amma argaman kana biyyoonni Sooreyyiin doozii hedduu ofii bitanii kan jiran yoo ta'u biyyootni hiyyeeyyiin akka aardii Afrikaa keessa jiran ammallee akkatti kana muraasallee argatan irratti hojjechaa jiru.	https://www.bbc.com/afaanoromoo/oduu-55464630
sports	Diyaagoo Maaraadoonaa: Poolisiin manaa fi kilinika doktara Maaraadoonaa marse	Guyyaa afur dura addunyaa kanarraa du'aan kan boqote taphataan gameessi kubbaa miilaa Arjantiinaa, du'asaatiin walqabatee qondaaltonni shakkii qaban haala inni itti wal'aanamaa ture qorachuu eegalaniiru. Abbootiin seeraa, tarii yoo wayita yaalii wal'aansaa taasifamaafii ture, doktarri xiyyeeffannaa kennuu dhabuun lubbuusaa galaafateera ta'e shakkii jedhuun doktara Maaraadoonaa irratti qorannoo eegalan. Manni jireenyaa fi kiliniki Dr Leopoldo Luque poolisootaan marfamee sakatta'ameera. Taphataan addunyaarratti tapha kubbaa miilaan jaala guddaa horate Maaraadoonaan, umriisaa waggaa 60tti dhibee onneetiin manasaa keessatti du'e. Dr Luque irratti hanga yoonaa himati hin banamne, isaanis waan ittiin shakkaman kana hundumaa haalaniiru. Sadaasa gara jalqabaa dhibee kantaruu dhiigaa sammuu isaa keessatti mudateef yaalii baqaqsanii yaaluun kan milkaa'e Maaraadoonaan, itti aansee ammoo qaamni isaa qoricha sammuu hadoochan irratti hundaa'uun walqabatee yaalamuuf ture. Du'uusaa booda ijoolleen Maaraadoonaa, haala itti yaalamaa ture irratti ibsa bal'aa barbaanna jechuun itti cichanii gaafataa jiru. Doktara dhuunfaa taphataa kubbaa miilaa beekamaa kanaa kan ta'e Dr Luque, oduu kana wayita dhagahe imimmaan buusee boo'e. Hiriyaa kiyya kana lubbuusaa baraaruuf waan narraa eegamuu fi hangan danda'e yaaleera jechuun boo'aa ibsa kenne. Shakkii aanga'oonni irraa qaban ilaalchisuun yaada kenneen ammoo, ''An itti gaafatamummaan kee maali jettanii yoo na gaafattan. Ani ogeessa baqaqsanii yaaluu dhibee sammuuti, sanammoo xumureera. Hojiin kiyya xumuramee ture. Yaaliin baqaqsanii yaaluu dhibee Sadaasa jalqabaa xumuramuu ibsuun, isa booda hanga du'a Maaraadoonaatti waan jiruuf itti gaafatamaa akka hin turre ibseera doktarri kun. ''Maaraadoonaan giddugala dandamannaa seenuu qaba ture. Inni garuu hin feene ture. Amala taphataa kanaa hoogganuun akkaan rakkisaa ture,'' jedhe. Inumaa xiyyeeffannaa kan hin kennineef aanga'oota kan jedhu doktarri kun, Maaraadoonaan tajaajila ambuulaansii illee argachuu hin dandeenye ture jedhe. ''Maaraadoonaan dhumarratti haala kanatti baay'ee ture. Sababa kanaaf kophaa ta'uu fedhee ture. Ijoolleesaa, firootaa fi hiriyoota isa marsanii jiran irraa kan qoollifateef jaallatee miti,'' jechuun waan jireenyi Maaraadoonaa isheen dhumaa keessa turte ibsa doktarri kun.	https://www.bbc.com/afaanoromoo/oduu-55126932
entertainment	Gurbaa maqaa ‘Sooressaa’ moggaasaniif qoonqoon cooligsite	Erga wal waraansa dhaabuuf waliigalteen nagaa mallattaa’ee naannoo Tigraay gargaarsi galaa jira. Haata’u malee, daa’imman umuriin isaanii wagga shanii gadi ta’an sadii keessaa tokko ammallee hanqina nyaataan hubamaniiru. Haftom amma daa’ima umuriin isaa wagga shan guutuuf xiqqoon isa haftuudha. Afaan Tigirinyaatiin hiikni maqaa isaa ‘Sooressaa/Duureessaa’ akka jechuuti, garuu gurbaan kun yeroo ammaa ulfaatin isaa hanga silaa gahuu qabu walakkaan hir’ateera. Yeroo doktorri  harkaafi miilla isaa foon irraa dhumee akka malee qallateeru agarsiisuuf qomeefi mutaantaa isaa irraa ol harkisu haati daa’ima kanaa callisteedhuma  miira adoodaa tokkoon ilaalti. Dubartiin kun maqaashee himachuu hin barbaadne. Kun erga wagga lamaa as wal waraansi Itoophiyaa Kaaba biyyattii jalqabee beelaafi hanqina nyaataa qabatamaan naannoo Tigraay keessatti mullatuudha. Waliigalteen nagaa mallattaa’e lolli sun akka dhaabatu taasiseera, garuu miidhaa inni qaqqabsiise akkuma jiruttiidha. Hagayya keessa, UN akka tilmaametti Tigiraay keessatti daa’imman umuriin isaanii wagga shanii gadi ta’an sadii keessaa tokko hanqina nyaataan miidhamaniiru. Yeroo loltoonni mootummaa Federaalaafi humnoonni Tigraay wal lolaa turan, aanga'oonni Itoophiyaa gargaarsa gara kaabaa seenu daangessuun ykn dhorkaa cimaa kaa’uun sirriitti cufanii turan. Maakdaan daa’ima umuriin ishee walitti bu’insa kaabaa kana waliin walqixa taatedha. Kaasuu haadhaa ishee Hiwoot keessaa mul’atti, garuu humna hin qabdu, hin sochootu, marrumaan ishee ammoo baayyee dhifamee mul’ata. “Nyaata argachuun baayyee rakkisaa ta’eera,” jetti Hiwoot. “Guyyaatti takkaa argatanii nyaachuun baayyee rakkisaa ta’eera.” Hospitaala geessitus haalli Makiidaa ammallee ittuu itti hammaataa dhufeera. “Intalli koo haala kana fakkaatu keessatti argamti sababiin isaa ammoo qorichi akka hin jirre nutti himame, waan tokkoyyu argachuu hin dandeenye,” jetti Hiwoot. “Sababa rakkoo walfakkaatuuf bara darbes as turre, waan tokkollee argachuu waanan hin dandeenyeef harka qullaan manatti deebiye.” Maatiin Haftom fi Makdaa  magaalaa guddoo naannoo Tigraay, Maqalee deemanii gargaarsa barbaadaa jiru. BBCn ji’a darbe keessa ture kan isaan waraabeefi gaaffiifi deebii waliin taasise. Hagayyaan booda, wayita humnoonni mootummaa Federaalaa bakka baayyee to’ataa deemanitti, aanga’oonni Tigraay dhukaasa dhaabuuf waliigalan. Akka waliigaltee nagaa jalqaba ji’a darbee mallattaa’eetti, aanga’oonni mootummaa Federaalaa gargaarsi dabalataa akka gara naannichaa galu ni goona jedhan. Dr Kibrom Gabresillasee Hospitaala Riferaalaa Haydar keessa wallaansa baqaqsanii yaaluun waggoota 15 tajaajileera. Hospitaalli kun naannoo baayyina uumataa miliyoona torba qabuuf hundaa ol guddaa kan ta’edha. “Daa’immaniifi haadhotiin yeroo rakkataniifi boo’an guyyaa guyyaan arguun sukanneessaadha,” jedha Dr. Kibrom. “Hospitaala keenya keessatti daa’imman hedduuti du’e sababiin isaa ammoo daa’imni takkaa rakkoo hanqina nyaataan dhibamnaan, wanti kennituuf nyaata qofaa hin ta’u. Qoricha, antiibaayotikii, mineraalaa [albuuda],…fi kaan barbaachisaaf nuti ammoo kana hin qabnu.” Wanti barbaachisu hangi tokko waan dhufaa jiru fakkaata garuu gahaa miti. Dr.Kibrom akka jedhutti, konkolaataawwan Koree Fannoo Diimaa Addunyaa (ICRC) lama qoricha qabatan magaalaa Maqalee qaqqabuudhaaf warra jalqabaati. “Hanga qoricha nuti argannee wallaanamtoota keenya walakkaaf qofa kan gahu yoo ta’u guyyaa tokko qofaaf tura,” jedhe. Guyyaa guyyaan gargaarsi hospitaalicha hin qaqqabu taanaan, dhukkubsattoonni caalaa du’uu danda’u. “Dhukkubsattoota kaanserii fudhadhumee, haalli isaa baayyee yaaddessaadha. Guutummaa Tigraay keessa Kemooteraappiin hin jiru,” jechuun dubbata Dr. Kibrom. “Guyyaa guyyaan, torban torbaniin, ji’a ji’aan haalli dhibee kaanserii isaanii hammaachaa deema. “Duraan kan wallaanamuu danda’u osoo ta’eeyyu ammo kan hin danda’amne ta’a. Namoota baayyee dhukkubsataa jiraniif tokkoo tokkoon guyyaafi sa’aatii murteessituudha.”  Walakkaa ji’a Sadaasaarraa kaasee hanga torban jalqabaa Muddeetti, mootummaan Itoophiyaafi dhaabbileen gargaarsaa konkolaataawwan nyaata, dahoofi qoricha fe’an 1,600 ol akka ergan UNtti waajirri gargaarsa namoomaa himeera. IRCRN mataan isaa walakkeessa Sadaasaa irraa kaasee yoo xiqqaate konkolaataawwan 38 Maqaleetti akka erge himuun ammallee kan biraan karaarra jiru jedheera. “Dhaabbileen gargaarsa namoomaa dhiyeessan hundaan carraaqqiin hunduu taasifamaa jira garuu hanga barbaadamuun wal bira qabamee yoo ilaalamu gahaa miti,” jedhan dubbi-himaan ICRC dame Itoophiyaa Jude Fuhnwi. Fedhiin jiru baayyee guddaadha.. Ji’oota ja’an itti aanan keessa UNtti Sagantaan Nyaata Addunyaa (WFP) gargaarsa atattamaa uummata Tigraay keessaa miliyoona 2.1 qaqqabsiisuurratti xiyyeeffateera. “Erga waliigaltee darbeetii as wantonni baayyee jijjiiramaeera,” jedhan bakka bu’aafi gorsaa Kantirri Daarektarii Itoophiyaa WFP Claude Jibidar. “Walitti bu’insa waggaa lamaan booda, halkan tokko keessatti gara bakka duraan tureetti deebiyama jennee hin eegnu.” Humnoonni Federaalaa bakkawwan gara kaabaa naannawaa Shiree to’atanis Maqaleen to’annoodhuma mootummaa Tigraay jala jirti. Hospitaala Ayder kutaa biraa keessatti barsiisaan soorama bahan, Fiqaaduu Jambar ji’oota sadan darban keessa wallaansa dhibee sukkaaraaf qoricha isaaniif ta’e argachaa akka hin jirre dubbatu. “Nuti as wallaansa argachuu dhufna, meeshaaleen harki caalan ammoo tajaajila kennaa hin jiran. Bakka biraallee deemuuf ni yaalla garuu sababa sochiin dhorkamee tureef eessayyu deemnee wallaanamuus hin dandeenye,” jedhu. “Namoonni baayyeen sababa kanaaf du’aa jiru. Erga waliigalteen nagaa buusuu mallattaa’ee, qoricha ni arganna jennee abdanna garuu hanga ammaatti wanti qaqqabe hin jiru.” Doktoroonni dhiyeessiiwwan baayyee bu’uura ta’an hin qaban. “Wallaansa baqaqsanii yaaluu taasisuudhaaf giloovii gahaa hin qabnu. Hanga si’a sadii fayyadamuudhaaf irra deebinee dhiqnee irra deebiin itti gargaramna,” jedha Dr. Kibrom. “Wallaansa dhiiga kennuu dhiyeessuu hin dandeenyu sababiin isaa ammoo karaxiitii dhiigaa hin qabnu. Kanaaf, yoo dhukkubsataan dhiiga kan barbaadu ta’e, wallaansa baqaqsanii yaalii taasisuu ni dhiifna,” jechuun ibse. Doktarri biraa achuma Hospitaala Ayder keessa hojjetuufi maqaan isaa akka hin eeramne barbaadu qoricha gahaa argachaa akka hin jirre hima. “Hospitaalichi loltoota madaa’aniifi siviliyaanota dhukkubsataniin guutameera,” jedha doktorri kun. “Hedduun isaanii ammoo gargaarsa argachaa hin jiran.” Wanti gaariin tokkicha aanga’oonni Federaalaa raawwatan ibsaa Maqaleef deebisuudha jedhan. Hospitaalichi dhiyeenya kana akka tiwiit godhetti, qorichoonni HIV fi meeshaa ittiin qoratan dhufuu jalqabaniiru.  Haata’u malee, warri salphaatti caalaa saaxilaman gatii guddaa kaffalaniiru. “Ani egeree foyyee qabu akka ishee mudatun barbaada,” jetti haati Maakdaa, Hiwoot. “Wantan yaaduu danda’u yoo jiraate kana qofaadha.”	https://www.bbc.com/afaanoromoo/articles/cjene450dj3o
sports	'Moo Saalah qofaa isaa homaa gochuu hin danda’u' – Gaatoch Paanom	‘Moo Saalah qofaa isaa homaa gochuu hin danda’u’ – Gaatoch Paanom Gareen kubbaa miilaa biyyaalessaa Itoophiyaa erga Masrii injifate booda ofitti amantummaa guddaa dabalateera. Torban darbe ture warri Waaliyaa shaampiyoonaa Afrikaa si’a jahaa kan taate Masriitin tapha gulaallii Waancaa Afrikaa 2023’f kan 2fi0’n injifatan. Galchiiwwan lamaan Daawwaa Hoxxessaafi dursaaa taphattootaa Shimallis Baqqalaatu boqonnaa dura galche. Tapha seena qabeessa kanarratti jifataan beekamaa Itoophiyaa Getaanah Kabbadaa sababa walitti bu'iinsa leenjisaa waliin qabuuf hin filatamne. Xiinxaltooni Masrii ni injifatti jedhanii tilmaamanii turan. Taphattoota garee Itoophiyaa tilmaama kana fashaleessaniifi sochiin isaanii dinqisiifatame keessaa tokko Gaatoch Paanomidha. ''Nuyi homaa hin sodaanne ture,'' jechuun hima Gaatoch. ''Akka injifachuu dandeenyu of amansiisne seenne. Kubbaa miilaan ga'umsa irra jiraniin malee seenaan bakka waan hin qabneef kaayyoon keenya mo'uu ture.'' ''Maalaawwiin erga injifatamne booda Masrii morkanne. Taphi salphaa akka hin taane beekna. ‘’Kunoo injifannee nutis gammadne, ummati Itoophiyaas gammadeera,’’ jechuun hime. Tapha Masrii waliin taphatame irratti garee Itoophiyaa gidduurra utubaa kan ture Gaatoch, Waancaa Afrikaa Kaameroon qophaa’erratti hin taphanne ture. ‘’Kuni murtee leenjisaati. Dirree seeni gaafa jedhame yeroo hundaa qophiidha. Dirree seeni gaafa jedhamtu humna qabdu agarsiisu qabda,’’ jechuun dubbata. Gareen Itoophiyaa Masriifi Maalaawwii dirree ormaarratti morkate. Kunis, Itoophiyaan sadarkaa idil-addunyaatti dirree morkataa keessummeessu hin qabneefi jedheera CAF. Tapha kanarratti gama Masrii Mohaammad Saalah waan miidhameef hin hiriirre. Kuni isin fayyadeeraa? ‘’Dhugaadha Mohaammas Saalah taphataa cimaadha. Haa ta’u malee, Saalah qofaa isaa homaa gochuu hin danda’u. ‘’Sababni isaa nuti gaafas isaanirra fooyyee qabna turre. Qabxii nuuf malu arganne.’’ Leenjisaan garee biyyaalessaa Wubatuu Abaata biyyatti erga deebi’an booda yaaduma kana ibsan. ‘’Nuti caalleeti malee Masriin dadhabdee miti,’’ jedhaniiru sababa injifannoo isaanii yoo ibsan. Taphattoonni Itoophiyaa yeroo adda addaatti kilaboota Masriif taphataniiru. Gaatoch bara dorgommii tokko kilaba El Gunaanitti dabarseera. Haraas El Hodudiifis taphateera. Shimallis Baqqalaan immoo yeroo ammaa El-Gunaaf taphataa gidduu ta’un taphatuutti jira. Kuni jara Waaliyaa way gargaaree? ‘’Taphattoonni Masrii gara caalu kilaboota Al-Ahliifi Zamaaleek irraa filataman. Yeroon achi ture isaan falmeera,’’ jechuun hima Gaatoch. ‘’Kuni na gargaareera jedhee nan yaada.’’ Akka Konfedereeshiniin Kubbaa Miilaa Afrikaan (CAF) ibsetti, Itoophiyaan Masriitiin kan injifatte waggoota 33 keessa yeroo duraafi. Injifannoon kuni taphoota itti aananiif akka isaan gargaaru Gaatoch ni amana. Gareen Itoophiyaa gulaallii dorgommii CHAN’f Sudaan Kibbaa imala. Walmorkiin kuni kan taphattoonni kilaboota biyya keessaaf taphatan qofa irratti hirmaatanidha. Eegasii jarri Waaliyaa baatii Fulbaanaa keessa taphoota gulaallii Waancaa Afrikaa lama qabu. Taphi kunis, tapha dhaqaa galaan Giinii waliin taphatamudha. Taphoota gulaallii lama hafanimmoo baatii Guraandhala keessa Maalaawwiifi Masrii waliin taphatu. Itoophiyaan Masrii, Maalaawwiifi Giinii walin ramadamte. Biyyoonni afranuu qabxii 3 qabaataniis, warri Waaliyaa garaagartee galchiin ramaddii isaanii dursaa jiru.	https://www.bbc.com/afaanoromoo/articles/c72xxv4g072o
politics	UNHCR mooraa baqattootaa Eertiraa naannoo Tigiraay jiru daawwate	Erga lolli Tigraay keessatti eegalee torbanoota jaha dabraniif kaampiiwwan baqattoota lammilee Eertiraa afur kan naannoo Tigraay keessa jiran maal keessa akka jiran hin beekamu ture. Tibbana gareen UNHCR garas imalee kaampiiwwan afran keessaa lama daawwatu  BBCtti himeera. Itoophiyaatti dubbi himaa UNHCR kan ta'e Kiriis Melzer namoota garas imalanii baqattoota waliin dubbatan keessaa tokko. ''Ji'oota lamaaf nyaanni hin turre, bishaan qulqulluun hin turre. Kunis paampiiwwan bishaanii boba'aa waan barbaadaniifii baqattoonni bishaan lagaa waraabbataa turan. Garuu ammoo sun bishaan qulqulluu miti,'' jechuun Kiriis Melzer dubbate. Baqattootni kunneen garuu nyaata bilcheessuufis ta'e dhugaatiif sanuma fayyadamaa akka turan himan. Kiriis Melzer ''manneen barnootaa, buufataaleen yaalaa marti cufamanii turan. Guutummaatti akka waan gatamaniitti itti dhagahame,'' jedhe. Kiriis akka jedhutti baqattoota Eertiraa kana guyyoota muraasa dura deeggarsi nyaataa karaa Sagantaa Nyaataa Addunyaa (WFP) isaan dhaqqabee jira. Erga lolli naannoo Tigiraayitti mootummaa federaalaa fi humnoota TPLF gidduutti jalqabeen as namootni nagaan 66,000 ol tahan gara Sudaanitti baqataniiru. Biyya keessattis jiraattotni kumaatamaan qe'ee isaanii irraa buqqa'uus himama. Haa tahu malee meeqa tahu kan jedhu adda baasuuf Komishiniin Ittisa Sodaa Balaa Biyyaalessaa Itoophiyaa fi dhaabbileen deeggarsa namoomaa idil-adunyaa waliin tahuun qorachaa jiraachuu mootummaan himeera. Garuu dhaabbileen kenna deeggarsa namoomaa adunyaa erga lolli eegaalen as baqattoota Eertiraa naannoo Tigiraay keessa jiranii fi kanneen qe'ee isaanii irraa buqqa'aniif deeggarsa dhaqqabsiisuuf rakkachaa turuu irra dedeebiin himaa turan. Kiriis akka jedhetti gareen UNHRC gara kaampii baqattootaa Eertiraatti imale deeggarsa qabatee miti. ''Nuti kan dhaqne haala jiru hubachuuf malee deeggarsa qabannee hin dhaqne. Kana booda garuu UNHCR dhaabbiin akka achi jiraatu irratti dalagaa jirra. Baqattonni deeggarsa akka argatan qofa osoo hin taane eegumsa siyaasaallee akka argatan gochuufi.'' Gareen UNHCR kun moraawwan baqattootaa lammileen Eertiraa mootummaa isaanii baqatanii keessa jiraatan afur naannoo Tigraay jiru keessaa lama qofa daawwate. Kan hafan lamaan haala akkamii keessa akka jiran hin beeknu jedha Kiriis. ''Kuni ammallee wanta hirriba nu dhorkaa jirudha. Kaampiiwwan lama gara daangaa Eertiraatti siqanii jiran jiru. Osoo lolli hin eegaliin baqattoota kuma 35 oltu keessa jiraata ture.'' Dabalataan Kiriis mootummaarraa hayyama waan hin arganneef garas deemuu hin dandeenye jedhe. ''Maal keessa akka jiran wanti beeknu hin jiru. Mooraan baqattootaa kunneen baatilee lamaaf deeggarsa kamirraayyuu adda citanii waan jiraniif haalli achi jiru hamaa akka ta'e tilmaamna.'' Lola naannoo Tigiraay keessatti gaggeeffamaa ture kana keessatti loltootni Eertiraa hirmaataa turan jechuun gama TPLF'n komiin dhagahamaa ture. ''Mooraawwan baqattootaa kunneen keessaa baqattoonni butamanii fudhatamuu oduu dhageenyee jirra, garuu karaan mirkaneeffannu waan hin jirreef dhugaadha ykn soba jechuu hin dandeenyu. Kuni dhugumatti ta'eera taanaan seera idil-addunyaa akka malee kan faallessudha'' jedhe Kiriis. Dhuma irrattis  Kiriis  UNHCR qaama walaba taanedha jechuun uummata gargaarsa barbaadu gargaaruuf dirqama UN nutti kenne qabna jedhe. Kiriis dirqama kana bahachuuf mooraawwan baqattootaa kunneen keessatti deebinee deeggarsa gochuu akka dandeenyu mootummaa irratti dhiibbaa gochaa jirra jedhe. Mootummaan federaalaa erga naannicha to'achuu ibseen booda qondaalota TPLF gameeyyii kaan to'annoo jala oolchuufi kanneen hafan ammoo barbaadaa jiraachuu ibse.	https://www.bbc.com/afaanoromoo/oduu-55636246
entertainment	H﻿aala du'aa weellisaa Maadingoo Afawarq qorachaan jira jedhe poolisiin	A﻿rtiistiin maqaa guddaa Maadingoo Afawarq Kibxata ganama boqochuu Komishiniin Poolisii Finfinnee beeksise. D﻿u'a weellisaa Maadingoo Afawarq jalqaba kan gabaasan miidiyaalee biyya keessaa yoo ta'an, weellisaan kun yeroo dheeraaf dhukkubsachaa waldhaansarra akka ture himan. R﻿akkoo fayyaa isa mudatee tureefi haala du'a isaarratti garuu odeeffanoon dabalataa kennan hin jiru. K﻿omishinii Poolisii Finfinneetti dubbii himaa kan ta'an Komaandara Itti aanaa Maarqoos Taaddesee weellisaa Maadingoon ganama har'aa sa'aa sadiitti boqochuu BBC'tti himan. ''R﻿agaa hanga ammaa jiruun ganama naannoo sa'aa 1:30tti hakiima isaaf akka bilbile ibsame. Achii booda gara mana yaalaa deeme. Achittis qoricha dhukkubbii wayyeessu, pain killer naa kenni jedhee qorichoota muraasa fudhachuu fi boodas sa'aa sadii irratti lubbuun isaa darbuudha.'' A﻿mmatti sababiin du'a isaa dogoggora waldhaansaatiini moo haaluma uumamaani kan jedhamu akka beekamuuf qorannoon reeffaa hospitaala Abeetiti raawwatamaa jiraachuu ibsan. P﻿oolisiin du'a weellisaa kanaan walqabatee iyyani waan isa qaqqabeef dhimmicha adda baasuuf qorannoo akka gaggeessaa jiraachuus himan. Hakiimni weellisaa kanaa waajira poolisiitti yaadni irraa fudhatamee gadhiifamuus Itti aanaa Komaandar Maarqoos dabalanii himaniiru. M﻿inistirri Muummee Abiy Ahimad du'a weellisaa Madiingootti gaddi itti dhagaahamuu kan ibsan yeroo ta'u ''weellisaan kun umrii isaa gabaabduu keessatti ogeessa waan baayee dalage. Biyyi wayita waraanamte dhukkubbii isaa dandamate raayyaa gootomseera. Leenjitoota jajjabeesseera.'' jedhan. Dinqisiifattootni isaa hedduun fuula miidiyaa hawaasaarratti gadda isaanii ibsaa jiru.	https://www.bbc.com/afaanoromoo/articles/cl43xz626m7o
health	Koronaavaayiras: Dr Reek Maachaar dabalatee aanga'ooni Suudaan Kibbaa hedduun Covid-19n qabaman	Pirezidaantii Itti-aanaa Sudaan Kibbaa Dr Reek Maachaariifi haadha warraa isaanii  Angeliinaa Teenii dabalatee aanga'oonni mootummaa olaanoon biyyattii COVID-19n qabaman. Dr Reek Maachaar haasaa Birodkaastiingii Korporashinii biyyattii irratti taasisaniin, ''Ana dabalatee miseensoonni taaski foorsii ittisa koronaavaayirasii ol-aanoo biroo hedduun vaayirasichaan qabamaniiru,'' jedhan. Aanga'oonni kunneen akka qorataman kan taasifamees, miseensi taask forsichaa tokko vaayirasichaan qabamunsaawaan mirkanaa'eef jedhan Dr. Reek Machaar. Miseensota taaksi foorsii vaayirasichaan qabamuun isaanii mirkanaa'e biroo  ammaaf maqaa isaanii eeruun hin barbaachisu jedhan. Ministira ittisa biyyaa kan taate haadha warraa isaanii, Angeliinaa Teenii dabalatee hojjetoonni waajira ittaanaa pirezedaantii hedduus vaayirasichaan qabamuu isaanii ibsaniiru. Bu'aan qorannoo missnsoota hafanii gutummaatti  boruutti kan baramu ta'uu himuun, Ministirri Fayyaa garuu vaayirasichaarraa bilasa ta'ushee dubbataniiru. Namoonni vaayirasichi irratti argame hundinuu fayyaan isaanii haala gaariirra jira kan jedhan Dr. Reek Maachaar, hanga hakiimiin hordoffii taasisuun akka bahuu dandeenyu  mirkanneessuutti mana keessatti adda of baasuun kan turru ta'a jedhan. Kana malees, eegdoonniifi hojjattoonni waajira isaanii hedduunis vaayirasichaan qabamuunsaan waan mirkannaa'eef akka of eegannoon taaasisuun tatamsa'ina vaayirasichaa  ittisuu keessatti  gaheesaanii bahaniif itti himama jedhaniiru. Haaluma kanaanis manni jireenyaa isaanii gutummaatti adda baafamuun akka turuu himaniiru. Dr Reek Maachaar kana dura Ebla 27 qoratamanii koronaavaayirasiirraa bilisa ta’uunsaanii madddeen himaniiru. Walumaagalatti Sudaan Kibbaa keessatti lakkoofsi namoota koronaavaayirasiin irrratti argamuun mirkanaa'e 347 yoo ta'u, kanneen dhibee kanaan lubbuun isaanii darbe ammoo shan.	https://www.bbc.com/afaanoromoo/oduu-52716979
health	Poorchugaal: Daa'imni fuula malee erga dhalatee dooktarri hojiirraa dhorkame	"Poorchugaal, daa'imni funyaan, ijaa fi gartokkee buqqee mataa malee erga dhalatee booda dooktarri daa'uumsa hojii irraa dhorkameera. Maatiin daa'ima Rodrigoo rakkoo fayyaa ilmi isaani qabu hanga inni dhalatutti quba hin qaban ture. Aanga'oonni koree fayyaa himannaa itti gaafatamummaa ba'uu dhiisuun Dr Artur Kaarvaalhoo hojiirra dhorkuuf filataniiru. Dhimma da'imman biroon wal qabatee himannaan biroo waggoota kudhanii ol dura akka turan barameera. Gabaasi himannaa kunneen irratti midiyaalee Poorchugaalin taasifame, hawaasaa biyyittii dheekkamsiiseera. Dr Kaarvaalhoo himannaa irratti dhiyaaterratti haga ammatti deebii hin kennine. Rodrigoon Onkoloolessa 7 Hospitaala Saawo Bernardoo magaalaa Setubaal keessatti dhalate. Harmeen isaa yeroo ulfa turteetti mana yaalaa dhunfaa keessatti Dr Kaarvaalhoo birratti hordoffii yaalii gaggeessa kan turte yoo ta'u, maatiin rakkoo fayyaa da'imni kun yeroo garaa keessa ture qabu irratti dooktarri kun akka homaa hin dubbanne himu. Yeroo hordoffi ulfaa afraffaa altiraa saawundii kan fakkii daa'ima garaa keessa jiru agarsiisu irratti yaaddoon fayyaa da'ima kanaa yeroo kaafameetti Dr Kaarvaalhoon rakkoon akka hin jireetti deebiseefi. ""Yeroo tokko tokko fakkii altiraa saawundirratti fuuli daa'ima yeroo garaa haadhaatti siqu gartokkeen isaa hin mul'atu nuun jedhe,"" jechuun adaadaan Rodrigoo miidiyaaletti himuushee AFP'n gabaaseera. Erga Rodrigoon dhalatee booda rakkoo fayyaa inni qabu yeroo argamu da'imni kun saatii xiqqoof qofa akka lubbuun turu itti himame. Haa ta'u malee, kunuunsa hospiitaala jalatti daa'imni kun torban lamaaf ammayyuu lubbuun jira. Maatiin sana booda Waajjira Abbaa alangee Poorchugaalitti Dr Kaarvaalhoo irratti himannaa dhiyeessani. Himannaa dhimma daa'ima Rodrigoo irratti dhiyaateen hawaasi dheekkamuun booda himannaan biroo dhagahamuu eegalan. Aanga'oonni fayyaa akka jedhanitti bara 2013 irraa eegalee himannaan irratti dhiyaatan yoo xiqqaate ja'a ta'an ni jiru. Himannaa bara 2011 irratti daa'imni tokko rakkoo fayyaa kan dhibee sammuu, miila laamsha'eefi fuula boca bade waliin dhalate. Harmeen daa'ima kanaa Laawuraa Afoonsoo, himannaa dooktara kannaratti abbaa alangeef dhiyeessituus deebii dhabuu ishee gaazexaa Pablikoo jedhamutti himteetti. Amma ganna 8 kan ta'e daa'imni ishee yaalii baqaqsanii hodhuu hedduu argatus ammayyuu dubbachuus ta'e deemuu akka hin dandeenye dubbatti. Himannaa biraan bara 2007'tti maatii daa'imni dhalatee ji'a xiqqoo booda jalaa du'e utuu mana murtiitti hin dhiyaatin darbuu isaa gaazexaan kuni gabaaseera. Dhimmii kun Poorchugaal keessatti namoota hedduu dheekkamsiiseera. Sirna hojii fayyaa biyyattii fi akkaataa yaddoon namootaaf deebii laachuu irratti gaaffiii kaasiseera. Pirezidantiin waldaa medikaalaa Migu'el Guyimaares torban darbe ibsa midiyaaleef kennaniin, 'yaaddoo ummataan' ka'e kanaratti Dr Kaarvaalhoo kallattiin haasofsiisu isaa himeera. Yeroo qorannoon gaggeefamuutti dooktarri kun hojii dhabuuf walii galuu isaas dubbateera. Walii galtee qaama kana hordofaa jiruun tasifameen hanga qorannoon tasifamutti Dr Kaarvaalhoo baatii ja'aaf hojii irraa akka dhorkamuu murtaa'era. Itti gafatamummaa ba'uu dhisuu doktarichaa irratti ""ragaan cimaa jira"" kun immoo ""tarkaanfii cimaatti ni geessa"" jechuun hogganaan koree meedikaala kibbaa biyyitti Aleeksaandar Vaalentim Laawurenkoo dubbataniiru. Murteen hojiirraa dhorkuu kun hanga tokko dubartoota ulfaa dhimma kana xiyyeefannoon hordofaa akka jiru 'rageessuu' danda'a jedhee akka abdatu Obbo Laawurenkoon dubbateera."	https://www.bbc.com/afaanoromoo/oduu-50178779
entertainment	Dargaggoon lammii Keeniyaa 'du'aa ka'e' ijoo dubbii ta'e	Keeniyaa Bulchiinsa Kerichootti namni tokko gaggabee kufee, ogeeyyiin fayyaan lubbuun isaa darbeera erga jedhanii booda, afuura baafachuu eegaluun isaa ijoo dubbii ta'eera. Namni kuni mana isaa keessatti ture kan gaggabee kufe. Ergasii gara hospitaalaa kan geeffame yoo ta'u, ogeeyyiin fayyaa hospitaalicha jiran lubbuun isaa darbuu dubbatan. Yeroo reeffi isaa owwaalchaaf qophaa'uf jedhu garuu harganuu isaati dhagahame. Dargaggoon umrii 32 Piitar Kiijan hojettoota hospitaalaan lubbuun isaa darbeera jedhamee waan amanameef, reeffi isaa kutaa reeffa tursan geeffamuu miidiyaaleen gabaasaniiru. Piitariin gara hospitaalaa fidee kan dhufe obboleessi isaa gaazexaa Istaandaardif yeroo dubbatu ''narsittiin obboleessikoo kutaa wal'aansii arifachiisaa kennamuf gahuu dura lubbuun isaa darbu natti himte,'' jedheera. Haa ta'u malee, akka hogganaa hospitaalichaatti taanan, maatiin waraqaa ragaa du'uu isaa mirkaneessu osoo hin fudhatin reefficha gara kutaa tursiisa reeffaa geessan. Piitar Kiijan gara hospitaalaa yoo geeffamu waan jabaa dhukkubsatee tureef erga of baree booda gaazexeessitoota waliin turtii taasiseen ammaan achi yeroo turtiikoo hojii amantiittin dabarsa jedheera. Yeroos hojjettoonni kutaa reeffaa tursiisan osoo reeffa qopheessaa jiranitti, tasa afuura baafachuu eegalu isaa dhagahuun isaan rifaasisee ture. ''Hojjettuun kutaa reeffaa bilbila naaf bilbiltee yeroon deemu, qaamni obboleessakoo yeroo socho'u arge. Hundi keenya baay'ee rifanne. Du'eera jedhamee kutaa reeffaa namni seene akkamiin socho'uu danda'a? Amanuuf rakkisa,'' jechuun dubbate obboleessi quxisuu isaa. Piitar mataan isaa du'eera jedhamee gara kutaa reeffaatti fuudhamuun na rifaasiseera jedhe. ''Yeroon dammaqu bakka jiru hin beekun ture. Haa ta'u malee, lubbuukoo waan na oolcheef gammachuun qaba. Ammaan achi turtii jireenyakoo guutuu isa [Waaqayyoo] tajaajilaan dabarsa,'' jedheera. Du'eera kan jedhame Piitar kutaa reeffa tursiisan irraa gara wal'aansa argatutti erga geeffamee booda, yeroo ammaa haala gaariirra argama. Guyyoota muraasa keessa hospitaala keessaa akka bahus eegama.	https://www.bbc.com/afaanoromoo/oduu-55097973
sports	Waancaa Addunyaa: Beeljiyeem Morookoon mo'amuun dheekkamsa kaase	Waancaa Addunyaa Qaataar diraamaa hedduun irratti mul’ataa jiruun Morookoon akka sadarkaa FIFA'n baasutti addunyaa irratti lammaffaa kan taate Beeljiyeem mo’achuun seenaa haaraa galmeessiteetti. T﻿aphattoota ciccimoo addunyaa irratti gurra guddaa qaban akka De Biruune , Edin Hazaard fi kaan qabattee Beeljiyeem garee Waancaa Addunyaa 2022 kana irrattis tilmaamni guddaan kennameef ture keessaa turte. H﻿aata'u malee, tapha Dilbata kaleessaa Morookoo waliin taphataniin Beeljiyeem 2-0  mo'amteetti. Morokootiif gooliiwwan Abdulhamiid Sabiiriifi Zakkaariyaa Abuuklaal lakkoofsisan istaadiyeemii Al-Tumaamaa irraa hanga magaalaa Morokoo Raabaatitti gammachuun lammilee biyyattii lafa dhiichiseera. Faallaa kanaan ammoo magaalaan Biraasels mormii guddaan raafamtee hanga poolisiin aara imimmaanessu dhukaasee bittimsutti gaheera. M﻿o'amuu garee kubbaa miilaa biyyaalessaa Beeljiyeem hordofee magaalaa guddoo biyyattii keessatti mormiin dhaga'amaa jira. T﻿apha jalqabaatiin garuu Beeljiyeem Kanaadaa 1- 0 mo'attee turte. Amma garuu garee biyyaalessaa biyya Afrikaa taate Morookoon adabamaniiru. Waancaa Addunyaa 2022 kana keessaa guutummaan guutuutti hin baane garuu carraan isaanii hedduu qallatteetti. Taphattoonni garee biyyaalessaa dulloomaniiru kan jedhu komiin irratti ka’aa jira. Leenjisaan garee kanaa Roobertoo Maartinez mataan isaanii gareen isaanii rakkoowwan gurguddoo akka qaban amananiiru. Kevin de Biruuna saatii tokkoof erga taphateen booda taphataa biraan jijjiiramee baheera. Taphataan sarara duraa Beeljiyeemiif goolii hedduu lakkoofsisuun rikkardii qabatee jiru Roomeluu Lukaakuu yeroo dheeraatiif miidhaarra turee amma taphatti deebiyuuf jira. Ramaddii B kanuma keessatti kaleessa kan milkoofte Kirooshiyaan garee kana keessatti dursa qabachuu dandeesseetti. Kirooshiyaan Kanaadaa 4-1 mo’achuun ture kan carraa marsaa itti aanutti darbuu qabdu kan cimsatte. Kirooshiyaafi Morookoon ramaddii B keessatti qaphxii afur qabaachuun dursaa kan jiran yoo ta’u, Beeljiyeem qabxii tokko, Kanaadaan ammoo qabxii tokko malee duraafi duubaan sadarkaa sadaffaafi afraffaa qabataniiru. Marsaa itti aanuun taphawwan Kanaadaan Morookoo waliin, Kirooshiyaan ammoo Beeljiyeem waliin taasisan ramaddii kana keessaa biyyoota darban adda baasuuf ta’a. Tapha Ramaddii E baayyee eegamaa ture keessaa kan Ispeeniifi Jarman waliin halkan sa’aatii afurii booda taphatan tokko walqixaan xumurameera. Tapha to’achuudhaan kan jalqaban warri Ispeen, gooliis lakkoofsisuun dursa qabatanii turan. Goolii taphataan Ispeen Alvaaroo Moraataa galcheen ture Ispeen kan dursa qabatte. Erga gooliin irratti lakkaa’ameen booda dhiibbaa uumanii taphachuu kan danda’an warri Jarman, isaaniifis jijjiiramee kan gale Niklaas Fulkuug goolii tokko lakkoofsisuun walqixa ta’uu danda’aniiru. Tapha biraa garee kanaatiin Jaappaan Kostaarikaatiin 1-0 mo’amteetti. Jarman mo'achuun ajaa’iba kan jedhamte Jappaan, tapha lammaffaa irratti harka kenniteetti. Kostaarikaan tapha jalqabaatiin Ispeeniin 7-0n mo’amte ammoo kaleessa Jappaaniin 1-0n mo’achuun abdii haaromsatteetti.	https://www.bbc.com/afaanoromoo/articles/c283zj8lm72o
health	WHO'n akaakuu koronaavaayirasii haaraa hordofaa jiraachuu ibse	Dhaabbati Fayyaa Addunyaa (WHO'n) akaakuu koronaavaayirasii haaraa UK keessatti argame ilaalchisuun qondaaltota biyyattii waliin xiyyeeffannaan mari'achaa jiraachuu ibse. Akka qondaaltonni UK jedhanitti akaakuun koronaavaayirasii inni haaraan kun kan duraan ture caalaa tatamsa'aa jiraatus, garuu kan duraa caalaa rakkoo hammaataa qaqqabsiisa jedhamee hin amanamu. Magaalaa Landan dabalatee magaalonni kibba baha Ingiliiz hedduun sababa facaatii vaayirasii jaaraa kanaa uggura cimaa keessa seenanii jiru. Akaakuun koronaavaayirasii haaraan UK keessatti argamuusaan walqabatee Nezalaandis balaliinsa gara biyyattiitti taasiftu dhaabuushee beeksifteetti. Aanga'oonni Waayit Haawus talaallii Covid-19 dursanii fudhachuuf Hoggantoonni addunyaa Covid-19 qabaman eenyu fa'i? 'Akaakuun Koronaavaayirasii haaraan' Ingiliiz keessatti argame Dhorkaan balaliinsaa kunis Dilbata har'aa irraa eegalee hojiirra kan oolu yoo ta'u, hanga Amajjii tokkootti akka turu mootummaan Daach beeksiseera. Biyyattiin murtee kanarra kan geesse erga saamudi gosa koronaavaayirasii haaraa UK keessatti argamee fakkaatu biyyattii keessatti mul'ateeti. Haala vaayirasii Uk keessatti argamee irratti ibsa bal'aa argachuuf si'oominaan eegaa jiraachuu kan ibsu mootummaan Nezarlaandis, ''hanga dandeenyetti akaakuun koronaavaayirasiin haaraan UK keessatti argame gara biyya keenyaatti akka hin ceene ni hojjenna'' jedheera. Akkaataa balaa akaakuu koronaavaayirasii haaraan mudachuu malu hambisuun danda'amurratti biyyoota Awurooppaa kaan waliin akka hojjetus ibseera mootummaan Daach. Osoo kan duraaf malli hin dhawamin akaakuun koronaavaayirasiin kan dhibiin argamuun addunyaaf rifaatuu guddaa ta'eera. Dhaabbati Fayyaa Addunyaa(WHO'n) waa'ee vaayirasii kanaa qondaaltota UK waliin gadi fageenyaan mari'ataa akka jiruuf itti dhiyeenyaan horodfaa akka jiru twitter isaarratti barreesseera. Akka dhaabbati kun jedhutti UK'n waa'ee akaakuu koronaavaayirasii haaraa kanarratti waan qorattee bira geesse hundaa gabaasaafii jirti. Waa'ee vaayirasichaa odeeffannoo bal'aa fi qulqulluu ta'e hawaasa addunyaan akka ga'uuf jirus ibse dhaabbati kun. Waan ifatti mirkanaa'ee beekame jiraachuu baatus, akka Ministirri Muummee UK Booriis Joonsan jedhanitti akaakuun koronaavaayirasii haaraan kun kan duraa caalaa harka 70 saffisaan tatamsa'a. Haata'u malee nama ajjeesuudhaan kan duraa caalaa daran balaafamaa ta'uusaa fi talaalliiwwan haaraa argamaa jiran kan dandamatu ta'uunsaa wanti mirkanaa'e hin jiru jedhu qondaaltonni UK. UK fi Ameerikaan talaallii koronaavaayirasii Pfizer fi BioNTech'n badhaadhe kennuu eegalaniiru. Talaallii nama koronaavaayirasiin qabame fayyisuunsaa harka 95 mirkanaa'e kana kennuudhaan UK'n addunyaarraa biyya jalqabaati.	https://www.bbc.com/afaanoromoo/oduu-55385417
sports	FIFA’n pirezidantii CAF Ahimadiin waggaa shaniif hojiirraa dhorke	Pirezidantiin Konfedereeshinii Kubbaa miilaa Afrikaa Ahimad Ahimad qajeelfamoota naamuusaa garaagaraa cabsuun waggaa shaniif hojiirraa ugguraman. Namni ganna 60 kun lammii Maadaagaaskar yoo tahan naamusa amanamummaa, kennaa fudhachuu fi kennuu, aangoofi qarshii akka malee fayyadamuufaan wal-qabatan cabsan jedhaman. Bara 2017-2019 wanti raawwatan jedhame qoratameera. Akka ibsi FIFA agarsiisutti kanneen seera bulchiinsa FIFA cabsuun itti himataman keessaa imala hajjii gara Makkaa taasifamu qindeessuufi kaffaluun kan jedhu dabalata. Kana malees dhaabota meeshaalee ispoortii waliin quunnamtii qabaachuu dabalata. Pirezidantiin CAF akka adabamuu malan ji'a darbe BBC Ispoort Afrikaan gabaasee ture. Qondaalli kuni $200,000 illee adabamaniiru. Isaan garuu badii hojjedhe hin qabu jechuun himu. Ahimad Ahimad uggura amma irra kaa'ame mana murtii dhimma ispoortii qofa hordofuufi 'Court of Arbitration for Sport (CAS)'tti iyyachuu danda'u. Lammiin Madagaaskaar kuni bara 2017 ture pirezidantii Konfedereeshinii Kubbaa Miilaa Afrikaa (CAF) ta'un kan filatamani. Baatii darbe immoo pireezidantummaa CAF marroo lammataaf akka dorgomanis himanii turan. Kuni shakkii guddaa gatii taheef iddootti deebi’uuf qormaata gahumsaa darbuu qabu jedhe gumiin FIFA. Lammata filatamuuf ol iyyannoon irra aanuu qofa osoo hin taane dafees raawwachuu qaba. Obbo Ahimad dhihoo koronaavaayirasii qabamuu ibsuun Konfedereeshinii Kubbaa Miilaa Afrikaa hoogganaa hin turre. Bakka isaanii Pirezidantii itti -aanaa dhaabbatichaa Konistaant Omaariitu hojjetaa jira.	https://www.bbc.com/afaanoromoo/oduu-55044117
