category	headline	text
entertainment	Headies 2019: Adekunle Gold,Teni,Burna Boy,tá ní yóò gbà àmì ẹ̀yẹ̀ olórin to fakọyọ?	Oni loni njẹ ẹni a bẹ lọwe nidi ayẹyẹ fawọn akọrin to lamilaka lorileede Naijiria eleyi ta mọ si 'Headies' Awọn olorin Yoruba to fi mọ akẹgbẹ wọn lorileede Naijiria yoo jijọ figagbagba lati gba ami ẹyẹ ni isọri orisirisi to fi mọ takọrin to fakọyọ ju lọ. Ayẹyẹ naa yoo waye lalẹ oni ni ile itura Eko Hotel. Lara awọn ti wọn ti fi orukọ wọn ṣọwọ fami ẹyẹ yi la ti ri Adekunle Gold,Patoranking, Teni 'Oba Orin' ati Burna Boy. Loju opo Twitter awọn ololufẹ olorin kọọkan ti n ba ara wọn jiyan pe olorin tawọn nifẹ ni yoo gba ami naa. Igba ẹlẹkẹta re e ti wọn yoo ṣeto ami ẹyẹ yi. Saaju asiko yi,Hip Hop World Awards  ni orukọ ti wọn n pe ayẹyẹ yi ti Hip TV si jẹ agbatẹru rẹ. Gbajugbaja elere sinima nii Nancy Isime ati olorin raapu Reminisce ni yoo ṣe atọkun eto naa ti yoo waye lalẹ oni tii ṣe ọjọ Abamẹta ọjọ kejidinlogun oṣu Kẹwa.
entertainment	Nollywood: Kìí ṣe nǹkan ìtìjú pé èmi ni mò ń gbọ́ bùkátà ẹbí mi - Nkechi Blessing	"Gbájúgbajà  òṣèré  Nollywood Yoruba Nkechi Blessing Falegan pe kò sí ǹǹkan ìtìjú fún òun láti jẹ́ ẹni to n gbọ́ bùkátà àwọn ẹbi òhun. Ojú òpó Insagram rẹ ló ti fi ìdí ọ̀rọ̀ yìo múlẹ̀ lásìkò tó n ṣe ìránti oṣù kan ti ìyá rẹ re ibi àgbà n re. Gbajúgbajà òṣèré náà pàdánù ìyá rẹ lẹ́yín ọjọ́ díẹ̀ sí ayẹyẹ ọjọ́ ìbí rẹ̀, tí ó sì ṣe ẹ̀yẹ ìkẹyìn fún ìyá rẹ ni ọ̀eẹ̀ tó kọjá. Lẹ́yìn ayẹyẹ ọkú náà ni òṣèré ọhún lọ sí ilẹ Gẹ̀ẹ́sì láti lọ bá ọkọ rẹ David Adelegan tí kò sí nibi ayẹyẹ ìsìnku ìyá Nkechi Blessing. Ó ṣàlàyé pé, ìyá òun àti ẹbi tí òin nílò láti gba bùkàta wọn ó fàá tí òun fi n ṣe iṣẹ àṣefẹ́ẹ̀kú, kìí ṣi ṣe ohun ìtìjú rárá. Ní báyìí òṣeré náà ni òun ṣeetan láti padà sí ẹnu isẹ́ àti láti tẹ̀síwájú lẹ́nu iṣẹ́. Nkechi Blessing dúpẹ́ lọ́wọ́ gbogbo àwọn ènìyàn tó dúró tìí lásìkò ìsìnkú ìyá rẹ̀. Nítorí owó, ọlọ́pàá obìnrin kan pa mọ̀lẹ́bí rẹ̀ márùn-ún àti ọ̀rẹ́kùnrin rẹ̀ Ṣé ẹ ti gbọ́ nípa bí ""Flubot Malware"" ṣe lè kọlu fóònù yín lójijì? - NCC Ọ́ọ́físà tó lu Clement awakọ̀ Uber níbi EndSARS gba ìwé máa lọ ilé ná"
entertainment	Peter Fatomilola: Àsìkò ti tó kí ìpinyà wa, kí kaluku mójútó ọ̀rọ̀ ajé rẹ̀- Peter Fatomilola	Owó táwọn Òyìnbó jẹ Babańlá Yorùbá ní àwọn ọmọ Yahoo-yahoo ń gbà padà- Peter Fatomilola 'Robbery' burú ju Yahoo lọ, iṣẹ́ ọpọlọ lọmọ Yahoo fi ń gba owó ìran baba wọn padà lọ́wọ́ Oyinbo amúnisìn Oyinbo ko iran baba nla Yoruba lẹru fun ọdun 500 pélu ọpọlọpọ iya- Peter Fatomilola Agbaọjẹ oṣere ati olukọ Yoruba, Alagba Peter Fatomilola lo sọrọ nipa awọn ọmọ Yahoo ati ọrọ ki Yoruba da duro. O ni iṣẹ ọpọlọ lawọn ọmọ Yahoo n ṣe lati gba owo ti iran oyinbo jẹ baba nla iran Yoruba ti wọn ko lẹru. O ni ọmọ Yoruba ko ṣa a deede maa ṣe yahoo. airise se lo n fa a. Fatomilola ni Obi. alagbatọ ati Ijọba lo fa ohun to n sun awọn ọdọ si iṣẹ yahoo. Peter Fatomilola ni gbogbo ọna loun fi faramọ 'Yoruba Nation' O ni ko si ohun to buru ninu ti iran Yoruba, Igbo ati Hausa ba ni ki onikaluku lọ da ọmọ iya ẹ gbe. O ni ti onikaluku ba pin lọtọọtọ, ẹnu a ka awọn adari wa, a maa le fẹnuko ba wọn wi. Lori ọrọ Sunday Igboho: Sunday Igboho kii ṣọmọ ale rara ni Peter Fatomilọla fi bẹrẹ ọrọ lori ọrọ Sunday Igboho ti apeja rẹ n jẹ Oloye Sunday Adeyemọ. Peter Fatomilola ni gbogbo ara ni oun fi faramọ ijijangbara awọn akoni ọdọ Yoruba bii Sunday Igboho. Peter Fatomilola ni igba gbogbo ni oun maa n gbadura fun Sunday Igboho nitori pe Yoruba Nation se koko bayii. O ni ki a kọkọ ja fun orilẹ-ede ti wa ki a to maa yanju ọrọ tani yoo ṣe olori orilẹ-ede Yoruba Nation.
entertainment	Jude Chukwuka: Wò ó bí oríkì àwọn ìlú Yorùbá ṣe yọ̀ lẹ́nu ọmọ Igbo jú ọmọ onílùú lọ	Jude Chukwuka, tii se ọmọ Igbo, amọ to gbọ ede Yoruba tun ti gbe tuntun de. Lọtẹ yii, Oríkì Ooni, Alaafin, Eko àti Ọlọ́fàmọjọ̀ ni Chukwuka fi n panu, eyi to yọ lẹnu rẹ ju tawọn ọmọ onilu lọ. Chukwuka ninu fidio yii ki ilu Ile Ife, Oyo, Eko ati ọba wọn, bakan naa lo ki awọn ọmọ Ọlọfamọjọ titi, ti ori eeyan fi wu. Iyalẹnu si ni yoo jẹ fun ojulowo ọmọ Yoruba ti ko mọ oriki ilu tabi ọba alade kankan, pe ọmọ ẹya Igbo tun mọ awọn oriki Yoruba ju ọmọ Kaarọ Oojire lọ. Àwọn ìtàn mánigbàgbé tì ẹ leè ní ìfẹ̀ síí:
entertainment	Chief Kanran: Mi ò ṣagbe àmọ́ mo nílò ìrànlọ́wọ́ ọmọ Yorùbá	"Ẹ́ wo ìrírí tó mú àgbà òṣèré Chief Kanran dí ẹni tí kò rí ilé gbé mọ́, ti irinṣẹ́ jóná Afiniṣẹ̀sín ní ọ̀pọ̀lọpọ̀ ọmọ Yorùbá pàápàá àwọn ọ̀rẹ́ àwa òṣèré tíátà- Olusegun Akinremi Agbaọjẹ oṣere lorilẹede Naijiria, Olusẹgun Akinrẹmi ti gbogbo eniyan mọ si Chief Kanran ti sọ iriri ati ilakọja rẹ fun awọn ọmọ Yoruba. Chief Kanran sọ awọn ọrọ yii lasiko ifọrọwanilẹnuwo ti BBC News Yoruba ṣe pẹlu wọn ni ile ijọsin ti wọn n gbe. Kanran sọ iriri rẹ bi oun ṣe di ẹni ti ko ri ile gbe mọ ati bi ohun gbogbo ṣe daru fun oun ni nkan bi ọdun melo ṣẹyin. Kanrani ni: ""Lẹyin nkan bu oṣu diẹ ti mọ de lati Canada, ile iṣe ipolowo ọja ati yiya ere amohunmaworan mi jona raurau, ti irinṣe to le ni miliọnu lọna ọgbọn Naira si jọna patapata.'' ""Ko pẹ diẹ si asiko yii ni awọn adigunjalẹ bẹrẹ si ni koju ija si mi, nitori wọn rọ wi pe emi ni mọ ni ile ti mo n gbe ati awọn ẹru ti wọn n ko wa lati oke okun to jẹ ti onile ti a n gbe naa.'' ''Eyi lo mu ki n sakuro ni awọn ile ti mo n gbe naa, ti mo si sa asala fun ẹmi mi nipa sisalọ si ile ijọsin ni ibi ti mọ n gbe lọwọlọwo.'' Chief Kanran lasiko to n bere iranwọ lọwọ awọn ọmọ Naijiria sọ wi pe gbogbo ohun ini oun ni awọn ti oun ya owo ni ọwọ wọn lati ṣe sinima gba pada, ti oun si da ẹni ti ko ni ọkọ ayọkẹlẹ mọ. O fikun wi pe ninu ipọnju yii ni oun wa fun ọpọlọpọ igba, ti iyawo meji ti oun ni si saisan ti wọn si ku. ""Idojukọ ti mo dojukọ ni lo mu mi ke gbajarẹ si awọn ọmọ ile Yoruba lati jọwọ ṣeranwọ fun mi nipa pipese irinṣẹ ti mo nilo lati bẹrẹ si ni ṣe ere oritage pada ati ṣiṣẹ awọn sinima.' Bakan naa ni Chief Kanran fikun wi pe lọpọ igba ijọba kii ṣe iranwọ fun awọn oṣere bi ko ṣe pe asiko ti wọn ba ṣe aisan tabi ti wọn ba ku , ki wọn to dide iranlọwọ si wọn. Amọ, agbaọjẹ naa sọ di mimọ pe oun ko tọrọ jẹ, bẹẹ ni oun ko ṣe agbẹ, ohun ti oun nilo lọwọ awọn ọmọ Yoruba ni iranlọwọ lati ra irinṣẹ ti yoo mu ohun pada si ipo. Agbaọjẹ oṣere lorilẹede Naijiria, Olusẹgun Akinrẹmi ti  ni awọn oṣere ode oni ti gbagbe awọn agbaojẹ oloṣere, ti wọn ko si naani wọn mọ. Chief Kanran ni kii ṣe pe mama Ẹfunṣetan Aniwura ko le e kopa ninu ere mọ, amọ awọn eniyan ni ko pe wọn si iṣẹ. Bakan naa ni wọn fikun pe afiniṣẹsin ni ọpọlọpọ awọn oṣere ni Naijiria, ti wọn si n wa isubu ẹnikeji wọn. O ni oun ko fẹ iranwọ ẹgbẹ awọn oṣere ni Niajiria ati wi pe awọn ọmọ Yoruba ni oun fẹ ki wọn ran oun lọwọ lori iṣẹ oun. Chief Kanran wa rọ awọn ọmọ Yoruba lati fi ọwọ sọwọpọ, ki wọn sọra fun gbogbo iwa ibajẹ ki wọn le de ibi aṣeyọri."
health	Queen Ereba Psoriasis: Níṣe ló dàbíi pé mo wà nínú àhámọ́ tí mi ò ṣẹ̀dá fúnra mi	"Ṣe lo kan dede bẹrẹ si ni ri nkan kurukuru lara rẹ. Amọ ko si bi wọn ṣe lo gbogbo ipara ati ogun apakokoro ara to wa ni Naijiria to, ko ran an. Igba yẹn gaan lo ṣẹṣẹ wa mọ pe o ju agbara oun lọ. Àfi ṣuuuu ti gbogbo ẹ bo ara rẹ latori de ọmọ ika ẹsẹ. Aarun ipẹpẹ gbigbẹ lara eyi ti awọn dokita pe ni Psoriasis lo kọlu Queen Ereba. Eyi si fa irẹwẹsi si aye rẹ tori ko si agọ ara rẹ kankan ti aarun yii ko lẹ mọ. Bíbéèrè ìbálòpọ̀ láti ṣe ìwé ìrìnà sọ òṣìṣẹ́ iléèṣẹ́ ọmọ Nàìjíríà dèrò ilé O ro pe o ti tan fun oun laye koda wipe ala oun ko lee laye di mimuṣẹ. Ko lee ṣe ohun gbogbo bo ṣe wu u, ko lee wọ iru aṣọ to ba yan laayo lati wọ. Koda o ni lati pa ileewe ti nigba kan nitori aisan yii. Queen Ereba pada di onkọwe ati ololufẹ ohun meremere. Nibi ti aarun yii ba a finra de, o ti ṣe iwe jade ti akọle rẹ n jẹ ""Psoriasi, finding your light"". Wo ìdí tí akẹ́kọ̀ọ́jáde 96 kò fi ní leè ṣe àgùnbánirọ̀ wọn l'Ogun Àwọn oniròyìn ló tú àṣírí ààbò Prof Peller, tí wọn fi ri pa - Lady Peller"
health	Vagina facts: Ǹkan pàtàkì márùn-ún tí gbogbo obìnrin tó ní ojú ara gbọ́dọ̀ mọ̀	"Oriṣiriṣi ẹ̀kọ́ ati ilana lo wa lori ayelujara nipa oju ara obinrin. Idi di niyii ti onimọ kan nipa ilera obinrin, Dokita Jen Gunter ṣe sọ fun BBC, iru amojuto to yẹ fun oju ara obinrin. Oju ara ni eyi to wa ni inu ara ninu lọhun - iho to so ile ọmọ pọ mọ ita gbangba. Nkan ti o le ri nita ti o ba bọ awọtẹlẹ rẹ ni wọn n pe ni vulva. Ọpọlọpọ obinrin lo gbagbọ pe awọn nilo lati fi oriṣiriṣi nkan fọ tabi fi pa oju ara wọn ki o le maa rùn daadaa. Ṣugbọn awọn onimọ iṣegun oyinbo ma n sọ pe funra oju ara obinrin lo n ṣe iwẹnumọ ara rẹ. Onimọ kan, Jen Gunter tọka si wipe lilo ipara oloorun, jijoko sori omi to lọwọrọ, tabi awọn ilana igbalode mii ti awọn obinrin n lo ni asiko yii lewu pupọ. O ṣalaye pe omi nikan, lai lo ọṣẹ ti to lati fi fọ oju ara lasiko to ba ṣe koko. Ọṣẹ ma n fọ awọn asiidi to yẹ kuro ni oju ara ni. Awọn asiidi yii lo duro gẹgẹ bi aabo fun awọ oju ara yii. Iwadii fihan pe ni gbogbo wakati mẹrindinlọgọrun ni awọn ẹya ara aifojuri 'cell' to wa ni oju ara obinrin ma n paarọ ara wọn. Oriṣiriṣi awọn kokoro aifojuri to dara lo wa ni oju ara obinrin. Iṣẹ ti wọn si n ṣe ni lati fun un ni ilera to peye. Awọn kokoro aifojuri dara-dara yii ma n pese awọn eroja to n doju ija kọ kokoro aifojuri ti ko dara, to le fa aarun. Bakan naa ni eroja to da bi ikun 'mucus', ti kii jẹ ki oju ara ko gbẹ. Idi si niyii ti ko fi dara lati maa fi eroja apakokoro nu oju ara. Ti o ba ro pe oju ara rẹ tutu boya nitori oru, o le gbiyanju lati fẹ atẹgun si i. Gunter ṣakiyesi pe ọpọ obinrin ti gba aṣa fifa gbogbo irun abẹ wọn. Lootọ ni ṣiṣe bẹẹ n le kokoro 'ina' jina, ṣugbọn o tun n pa oju ara diẹdiẹ. To ba pọn dandan fun ọ lati fa irun abẹ rẹ, lo bileedi to mọ, ki o si fa a lati isalẹ nitori ki kokoro ma ba so mọ iyoku irun to wa nibẹ. Fun awọn to n lo ilana igbalode 'wax', ẹ rii daju pe irinṣẹ ti wọn lo fun yin mọ daadaa. Gunter sọ pe o ni idi ti awọn irun naa fi wa nibẹ. ""O le jẹ pe o ni ojuṣe lasiko ibalopọ, o si le jẹ aabo fun awọ ara"". Lẹyin ọpọlọpọ ọdun ti obinrin ti n ṣe nkan oṣu, to tun ti bimọ, ile ọmọ obinrin ko ni ye ẹyin mọ, bẹẹ ni nkan oṣu yoo dawọ duro. Bi awọn eroja to n ṣe iranlọwọ fun ọmọ bibi ṣe n dinku, yoo ma a ni ipa lara oju ara ati ayika rẹ. Niṣe ni oju ara naa yoo ma a gbẹ, o si le fa irora lasiko ibalopọ nitori ko si nkan to mu ko 'tutu'. Amọ, pẹlu iranlọwọ awọn eroja to n mu ki oju ara tutu fun ibalopọ 'lubricant', obinrin to ti dawọ nkan oṣu duro le gbadun ibalopọ. O le awọn eroja naa ra ni ile itaja ogun."
health	Coronavirus: Àwíjàre ọlọ́pàá ni pé dókítà múra bíi onínàbì láago mẹ́wàá alẹ́	"Oniruuru ẹmi ni arun Coronavirus ti gba, boya lati ipasẹ kiko arun naa ni abi ni ọna miran. Sugbọn eyi to se ni laanu ni  awọn ẹmi to bọ sọwọ awọn agbofinro lasiko ti wọn n se isẹ wọn lati ri daju pe awọn eeyan tẹle ofin fidimọle. Sugbọn eyi to se laanu ninu gbogbo rẹ ni ti obinrin alaboyun kan ati ọmọ inu re to dero ọrun lasiko to n rọbi lọwọ lọjọ to kẹyin osu kẹjọ ọdun 2020. Idi ni pe dokita obinrin kan to yẹ ko sare lọ sile iwosan lati sisẹ abẹ fun alaboyun naa lasiko isede nitori Coronavirus, lo bọ sọwọ awọn ọlọpaa to da duro ladugbo Ikeja nilu Eko. Gbogbo ẹbẹ dokita naa sawọn ọlọpaa ọhun pe oun fẹ sare lọ dahun ipe pajawiri to le la ẹmi lọ nile iwosan lo ja si pabo. Bi o tilẹ jẹ pe wọn papa fi dokita naa silẹ lẹyin wakati kan amọ ẹpa ko boro mọ nitori oku alaboyun ati ọmọ inu rẹ lo ba nile iwosan naa. Gẹgẹ bi iwe akọroyin fun iwe iroyin Punch ti salaye isẹlẹ isẹlẹ naa, se ni dokita obinrin naa bu sẹkun nigba to de ile iwosan, to si gbọ nipa ohun to sẹlẹ si tiya tọmọ. Ẹnikan ti isẹlẹ naa soju rẹ sọ fun akọroyin naa pe isẹlẹ naa waye ni deede aago mẹwa kọja isẹju mẹẹdogun lalẹ. O ni awijare awọn agbofinro naa ni pe dokita obinrin yii ko mura bii alakọwe, o si seese ko jẹ pe oninabi ni. Baba Adeboye, gẹgẹ bi ọpọlọpọ ṣe maa n pe iranṣẹ Ọlọrun naa ṣalaye ninu fidio to gbe jade pe ko si buburu kan ti yoo kan awọn to ba gbagbọ ninu Ọlọrun. O ni 'Mo fẹ fi asiko yii fi daa yin loju pe, ko si arun Coronavirus kankan ti yoo de ọdọ yin; nitori pe ẹ n gbe ninu ibi ikọkọ Ọga ogo."" Eyi gan an lo n fa awuyewuye lori ayelujara lori bi awọn eeyan ṣe n sọrọ pe ohun ti iranṣẹ Ọlọrun yii sọ ninu fidio naa ko tọna. Amọṣa ohun to wa ninu fidio yii nikan lawọn to n tako iranṣẹ Ọlọrun naa n wo, wọn ko wo ẹsẹ ọrọ rẹ to ti sọ wi pe, yatọ si pe Ọlọrun n ṣọ awọn tirẹ, gbogbo awọn eeyan lo gbọdọ tẹle ilana imọtoto to yanranti nitori imọtoto lo kangun si iwa mimọ. Ohun ti Pasito Adeboye n gbiyanju lati sọ ni wi pe yatọ si iwa mimọ, gbigbe igbe aye imọtoto ṣe pataki lati bori arun Coronavirus. Amọṣa ọpọ eeyan lo foju fo amọran rẹ lori ṣiṣe imọtoto ara ẹni ati ayika ẹni, fido ọhun nikan wọn gbajumọ. Ninu amọran to tẹlẹ fidio naa ni baba Adeboye ti sọ pe ""Ẹ maṣe gbagbe pe ara gbigbe labẹ ojiji Ọlọrun ni pe ki ẹ maa gbe igbe aye imọtoto."" Baba tẹsiwaju pe yatọ si jijẹ ọmọ Ọlọrun, o yẹ ki awọn eeyan maa ṣe awọn nnkan bi fifọ ọwọ ẹni pẹlu ọṣẹ ati omi, ati jijẹ ki ayika ẹni wa ni mimọ. Pasitọ EA Adeboye jẹ ọkan pataki lara awọn iranṣẹ Ọlọrun to lokimi nilẹ Naijiria ti okiki rẹ si kan de oke okun."
health	Bear attack Alaska woman: Bí ẹranko igbó ṣe bu ìdí obìnrin tó ń ṣe gáá lọ́wọ́ jẹ	"Obinrin naa, Shannon Stevens ti fara pa to si figbe ta ninu irora bi ẹranko inu igbo kan, esi ti awọn oloyinbo n pe ni ""bear"" ṣe ya bo o to si bu u jẹ nidii. Ninu igbo ti wọn n pe ni Chilkat Lake bush ni Shannon ti ni koun sare ṣe gaa afi fuu to fo soke o figbe ta foo lẹyin ti ẹranko esi naa bu idi rẹ jẹ.Ṣhannon Stevens ti farapa bayii lẹyin ikọlu ẹranko ọhun Lẹyin to figbe bọ ẹnu ni aburo arabinrin naa ọkunrin sa jade pẹlu ina tọọṣi lọwọ lati lọ wa ori ẹranko naa latoju iho ṣalanga iyagbẹ. Arabinrin ọhun sọ fun ile iṣẹ iroyin Associated Press pe lẹyin ti oun aburo oun ati ọrẹ oun ṣẹṣẹ din nkan ipanu sausage jẹ ta loun ni ki oun sare wọ ile igbọnsẹ afi ti ẹranko yii bu idi oun so. Shannon n lo opin ọsẹ pẹlu aburo rẹ, Erik ati ọrẹ rẹ labẹ tampoli kan ni asiko ti iṣẹlẹ naa ṣẹlẹ. Arabinrin Stevens ni o ṣeeṣe ki oju ọgbẹ naa jẹ boya ẹranko naa ge oun leyin jẹ ni tabi eekana. ""Kete bi mo ṣe fidi le ori nkan igbọnsẹ naa ni kini kan ge mi jẹ ni idi"". Wọn ti sare gbiyanju lati ṣe itọju akọkọ fun un eyi ti oloyinbo n pe ni ""first aid"". Ẹka ileeṣẹ to n ri si ọrọ awọn ẹranko igbo ni Alaska ni awọn ro o pe ẹranko yii to bu arabinrin Stevens jẹ lee jẹ esi dudu eyi ti ko si wọpọ laarin ẹranko. Nibayii, arabinrin Stevens ni oun ti kọ ọgbọn, oun yoo si maa la oju oun daadaa bayii, farabalẹ wo inu ile igbọnsẹ ko to gbe idi le e lọjọ iwaju."
health	Covid-19 Quarantine: Kí ní ohùn tó sún àwọn ará ìlú kàn máa ṣé pàṣípààrọ̀ oúnjẹ pẹ̀lú fóónù?	"Awọn olugbe ilu Xi'an lorileede China ti bẹrẹ si ni se pasiparọ ounjẹ laarin ara wọn. Eyi ko si sẹyin ọwọn gogo ounjẹ ti wọn n koju nibẹ nitori isede ti ijọba gbe kalẹ. Kaakiri oju opo ayelujara lawọn ara agbegbe naa ti n salabapin aworan orisi bawọn eeyan se n fi nkan ini wọn se pasiparọ ounjẹ.Koda wọn fi awọn nkan ẹrọ igbalode fi se pasiparọ ounjẹ. Nkan bi eeyan miliọnu mẹtala lo ti deju mọle lati nkan bi ọjọ Kẹtalelogun osu Kejila ti wọn ko si ribi jade lati lọ fi ra ounjẹ. Lẹnu ọjọ mẹta yi, pupọ awọn eeyan wọn yi lo n fitara han loju opo ayelujara. Awọn alasẹ n pese ounjẹ fawọn ara agbegbe yi sugbọn awọn kan ni ounjẹ naa ki tọjọ tabi pe awọn ko tiẹ ri gba rara. Loju opo Weibo,a ri fidio ati aworani nibi  ti awọn eeyan n fi siga gba kabeeji,ọsẹ ifọ abọ lati fi parọ appu,tawọn mii si n fi paadi nkan osu obinrin se pasiparọ ewebẹ. Ọkan ninu awọn fidio yi safihan olugbe kan to n fi ẹrọ idaraya Nintendo fi parọ indomie ati puff puff. Olugbe kan sọ fun ileesẹ rẹdio Free Asia pe ""awọn eeyan ti wọn jijọ n gbe inu ile kan naa n fi nkan se pasiparọ nitori wọn ko ni ounjẹ ti wọn yoo jẹ mọ''. Ileesẹ iroyin yi tun sọ pe arakunrin kan fẹ fi foonu rẹ  ati ẹrọ taabu gba irẹsi . Wọn ni nkan ti n pada si tọjọ atijọ to se pe pasiparọ lawọn eeyan fi n seto karakata. Ilu taa n pe ni Xi'an yi lo wa loju ina ajakalẹ arun Covid-19 yi tawọn alasẹ si ti gbe ilana kalẹ eyi tawọn eeyan bẹnu atẹ lu loju opo ayelujara. Ọkan lara awọn ilana ati igbesẹ ijọba yi ni iru ọkan to sẹlẹ sawọn olugbe Mingde 8 Yingli tawọn alasẹ sadede sọ fun loruganjọ pe ki wọn kuro lọ si ibudo iyasọtọ. Ajakalẹ yi jẹ eleyi to buru ju ni China lẹnu osu meloo kan sẹyin ti China n gbero lati mu ajakalẹ yi dopin. Ireti ijọba China ni pe awọn yoo ribi mu dopin ki ọdun osupa oju ọrun wọn to waye ati saaju idije Olympics to yẹ ko waye ni Beijing losu to n bọ."
politics	APC: Mí ò tíí ní ìpinnu lóri ìdíje ààrẹ ọdún 2023-Tinubu	"Asáájú ẹgbẹ́ òṣelú ẹgbẹ́ APC, Sẹnatọ Bola Ahmed Tinubu ní òun kò ti ṣe ìpinnu láti díje dupò ààrẹ orílẹ̀-èdè Naijiria lọ́dun 2023 Èyí lòdì sí àwọn oníruuru ọ̀rọ̀ tó ti n lọ nígboro tẹ́lẹ̀, yálà Asiwáju ní ǹkan to jẹ òun lógun jùlọ ni bi ọrọ ajé tó n dẹnu kọle yìí yóò ṣe gbéra sọ pada àti bi eto iléra yóò ṣe pada bọ̀ sípò ní Naijiria. Tinubu sọ eyi di mímọ nínú àtẹ̀jáde kan tó fọwọ́ sí lọ́sàn òní sátide, èyí sì ni ìgbà àkọ́kọ́ tí yóò fọhùn láti ìgbà tí wọ́n ti yọ ọwọ́ Adams Oshiomhole láwọ gẹ́gẹ́ bi alága ẹgbẹ́ náà tí wan sì tú ìgbìmọ amúṣẹ́ṣe ká lọ́jọ́rú ọ̀ṣẹ̀ yìí. Nínú ọ̀rọ̀ rẹ̀ ó ní : Sí gbogbo ẹyin ti ẹ ti n kù pé ìgbésẹ̀ ààrẹ Buhari àti ìpáde àwọn ìgbìmọ tuntun nínú ẹgbẹ́ òṣèlú APC ṣe ṣe fi òpin sí ìpínnu mí láti di ààrẹ lọ́dún 2023, ó ṣe mi láànú fún yín"" ""Ènìyan ẹlẹ́ràn ara lásán ni mí tí kò sì ni oye ọjọ́ iwájú tàbí ọgbọ́n òṣèlú tí ẹ ń fi ẹnu jẹ́ pé ní, ẹ tí n yọ ayọ lórí ikú ìpínnu ìjákulẹ oyé ààrẹ tí kò ti wáye rárá. ""Tinubu ní kìí ṣe irú àsìkò ti ààrun Covid-19 ń da ètò ọrọ ajé láàmú yìí, mí ò rí ọjọ́ ìwájú tó bi éyin 'se rii"" Mí ò sì tíì ṣe ìpinnu kankan láti dupò ààrẹ lọ́dún 2023 nítori pé àwọn ǹkan to n kojú wa ní àsìkò yìí tí lágbára tó. Ní àsìkò tí a wà yìí, mí ò jẹ́ kí ọ̀rọ̀ òṣèlú nípa ọdún 2023 jẹ mí lógún, mó rí eyi bi ǹkan ti kò bójú mu rárá, ó sì jẹ́ ìwà àìní ìmọ̀lára lásìkò ti ọ̀pọ̀ ń koju ìṣòro oníhà méjì, ètò ọ̀rs ajé tó nira àti ààrùn tó n kó ìpaya bá gbogbo ayé. Láti bi oṣù díẹ̀ sẹyìn ni mo ti n ro àwọn ìlànà ìjọba ti a lè gbé silẹ̀ tí yóò ràn ìjọba lọ́wọ́ níhìn àti lọ́hùn. Ààrẹ tí sọ̀rọ̀, ọ̀rọ̀ tó sì sọ ní náà ni abẹ́ gé Nítori idí èyí mo rọ gbogbo àwọn ìgbìmọ̀ amúṣẹ́yá tí wọ́n túka àti gbogbo ọmọ ẹgbẹ́ tókù láti fíyedénu kí wọ́n sì máá wo ọjọ́ iwáju rere tó wà níwájú Mó ti fara ṣiṣẹ́ fún ẹgbẹ́ bí àwọn ọmọ ẹgbẹ́ tó kù tàbi jù ẹlòmíràn lọ, sùgbọ́n síbẹ̀ kò nimi lára láti túbọ̀ faraji gẹ́gẹ́ bi ọlọ́dani, kò sì si ẹni to yẹ ko ní ìṣoro kankan lòdì si eyi. Minisita tẹlẹ ni Naijiria Femi Fani Kayode, ti kọ lẹta ranṣẹ si asaaju ẹgbẹ oselu APC, Asiwaju Bola Ahmed Tinubu, lẹyin ti Aarẹ Muhammadu Buhari yan Alaga fidiẹ tuntun fun ẹgbẹ oṣelu APC. Fani Kayode ninu lẹta naa ni, bi oun ṣe fẹran Tinubu to amọ iwa rẹ lo mu ki oun sa fun un, nitori imọtara ẹni nikan n ba ja. O ni Aarẹ Buhari to fi ṣe ọrẹ ti sọ di ọta, ti gbogbo ero rẹ lori ẹgbẹ oṣelu APC si ti jasi pabo. Femi Fani Kayode ni bi o tilẹ jẹ pe Asiwaju ti gbekele ara rẹ wi pe oun ko le e ṣi ṣe, ọrọ yii ti ba ẹyin yọ pẹlu bu Aarẹ Buhari ṣe pada lẹyin rẹ, ti wọn si ri pe ko ni ipo kankan mọ ninu ẹgbẹ oṣelu APC. 'Tinubu ta ẹmi rẹ, ta ọkan rẹ, to si ta gbogbo ilẹ Yoruba, to fi mọ Guusu ati Ariwa orilẹede Naijiria lati le ri wi pe oun mu gbogbo ero ọkan rẹ to kun fun  ibi ṣẹ. O fikun wi pe gbogbo ilakaka rẹ lati jẹ aarẹ orilẹede Naijiria ni ọdun 2015, 2019 ati 2023 lo ti ja si pabo bayii. Bakan naa lo ni kaka ki Tinubu o ba aarẹ Buhari sọrọ lati wuwa rẹrẹ si awọn ọmọ Naijiria, ki iya ma ba jẹ wọn, niṣe ni Asiwaju n gbe lẹyin Buhari, ẹni to wa jakulẹ bayii. Ọrọ ipari rẹ ninu lẹta naa ni wi pe o ti tan fun Tinubu ninu oṣelu orilẹede Naijiria, oun ti o ku ni ki o lọ rọkun nile, ki o si ma a sinmi. O gba ni adura pe lasiko ifẹyinti Tinubu, ohun gbogbo to ti bajẹ lorilẹede Naijiria yoo gba atunṣe. Oyè adelé alága APC kúrò ní gúúṣù Nàíjíríà, ó bọ́ sẹ́kùn àríwá Gomina ipinlẹ Yobe, Mai Mala Buni ti di Alaga ẹgbẹ oṣelu APC tuntun ni Naijiria. Eyi ko ṣẹyin bi Aarẹ Muhammadu Buhari ṣe tu igbimọ amuṣẹya ẹgbẹ oselu APC ka, ti o si fi igbimọ fidiẹ sibẹ. Ẹgbẹ oṣelu APC ni ipinlẹ Ondo ti ni lootọ ni pe, ajọ INEC da lẹta ifitonileti nipa eto idibo abẹle ẹgbẹ naa nipinlẹ Ondo nu. Akọwe ẹgbẹ oṣelu APC ni ipinlẹ Ondo, Alex Kalejaiye lo fi idi ọrọ naa mulẹ fun BBC Yoruba. Kalejaiye ni abajade ipade awọn igbimọ alaṣẹ, NWC lori yiyan alaga ẹgbẹ oṣelu APC tuntun ni yio sọ ibi ti ẹgbẹ oṣelu APC ni ipinlẹ Ondo n lọ. O fikun pe awọn adari wọn ni Abuja lo ni ọrọ ikẹyin lori bi idibo abẹlẹ APC yoo ṣe ri. Nibayii, Aarẹ Buhari ti tu Igbimọ Amuṣẹya ẹgbẹ oselu APC ka ni bi ipade to waye ni ile Aarẹ ni Abuja. Wọn si ti yan gomina ipinlẹ Yobe, Mai Mala Buni gẹgẹ bi Alaga ẹ́gbẹ́ oṣelu APC fidiẹ ni Naijiria. Bí wàhálà tó n rú nínú ẹgbẹ́ òṣèlú All Progressives Congress ṣe n fi ojoojúmọ́ gbóná janjan ní ìpińlẹ̀ Edo, bakan naa ló jọ bi ẹni pé ẹgbẹ́ náà kò tún rójúùtú ètò ìdìbò abẹ́nú láti yàn oludíje gómìnà lábẹ́ àsíá ẹgbẹ́ náà nípìnlẹ̀ Ondo náà. Lọ́sàn yìí ni àjọ tó rí sí ètò ìdìbò ní Naijiria (INEC) fi àtẹjáde kan síta pé, ìwé ìfitóniléti tí ẹgbẹ́ APC nípìnlẹ̀ Ondo kọ sí olú ilé iṣẹ́ ẹgbẹ́ náà l'Abuja  láti pè òun fún ìdìbò àbẹ́nu wọ́n, kò kójú òṣùwọ̀n tó nítorí pé adelé akọwé àpapọ̀ ẹgbẹ́ APC ní Nìgeria níkan ló buwọ́ lu lẹ́tà náà. Gẹ́gẹ́ bí àtẹjáde náà ṣe sọ, ìwé ìfitónilétí ti ó tẹ ilé ẹgbẹ́ lọ́wọ́ ní ọjọ́ kejìdínlógún oṣù kẹfà ọdún yìí kò ni àbuwọ́lù àlága àpapọ̀ ẹgbẹ́ náà. Àtẹjáde tí Rose Oriaran-Anthony, tó jẹ́ akọwé àjọ tó n rí sí ètò ìdìbò ní Naijiria (INEC) buwọlù sàlàyé pé, ìdìbò abẹ́nú tó yẹ kó wáyé ní ogúnjọ́ oṣù kèje ọdún yìí, le ma ṣee ṣe nítori pé àlága apapọ ẹgbẹ́ àwọn akọ̀wé apapọ̀ ẹgbẹ́ ló yẹ kí wọ́n jọ buwọ́lùú. APC: Àlààyé rèé lórí ìdí ta fi gbé ìlẹ̀kùn olú iléeṣẹ́ APC tì pa l'Abuja Ilé iṣẹ́ ọlọ́pàá tí gbé olú ilé ẹgbẹ́ òṣèlú All Progressive Congress (APC) tì pa nílùú Abuja nibamu pẹlu àṣẹ ọgá àgbá ọlọ́pàá ní Naijiria, Mohammed Adamu. Gẹ́gẹ́ bí ìròyìn tó tẹ wá lọ́wọ́, agádágodo ló wà ni gbogbo ẹnu ọ̀nà ilé ẹgbẹ́ náà l'Abuja. Iroyin naa ni wọn kò fààyè gba àwọn ọmọ ìgbìmọ̀ amúṣẹ́ṣe fún ẹgbẹ́ náà láti wọlé sùgbọ́n wọ́n gba àwọn òṣìṣẹ́ àti awọn akọ̀ròyìn láti wọlẹ́ láì gbé mótò wọ́n wọlé. Ìṣẹ̀lẹ̀ yìí súyọ lẹ́yìn tí gbogbo àwọn olórí ẹgbẹ́ òṣèlú APC kò le fẹnu kò lórí ẹni ti yóò dí àdelé alága ẹgbk òṣèlú APC lẹ́ypin ti ilé ẹjọ́ fún Adams Oshiomhole ni ìeé lọ rọ́kún nílé. Ize-Iyamu borí ìbò abẹ́nú fún idíje gómìnà l'Edo Iroyin to n tẹ wa lọwọ n fiyeni pe Ize-Iyamu ti jawe olubori gẹgẹ bii oludije ti yoo gbe aṣia ẹgbẹ oṣelu APC ni idibo sipo gomina ni ipinlẹ Edo. Ẹkunrẹrẹ iroyin n bọ laipẹ. Awọn aṣoju ti bẹrẹ idibo lati yan awọn Oludije ti yoo gbe aṣia ẹgbẹ oṣelu naa nibi idibo gomina ti yoo waye ni ipinlẹ Edo laipẹ. Bi ẹ ko ba gbagbe, lọsẹ to kọja ni gomina ipinlẹ naa, Godwin Obaseki kọwe fi ẹgbẹ oṣelu naa silẹ lọ darapọ mọ ẹgbẹ oṣelu APC. Ni ọjọ kẹkandinlogun oṣu kẹsan ni idibo sipo gomina yoo waye ni ipinlẹ Edo gẹgẹ bi ajọ eleto idibo, INEC ṣe ti laa kalẹ. Oniruuru awuyewuye ati edeaiyede lo ti n wọ ts idibo abẹnu ọhun lẹyin lẹgbẹ oṣelu APC eyi to ti mu ki wọn paṣẹ ki alaga ẹgbẹ oṣelu, Adams Oshiomhole naa lọ rọọkun nile pẹlu. Akọwe igbimọ to n ṣe aayan idibo abẹnu naa, Ajibọla Bashiru ṣalaye fun ileeṣẹ mohunmaworan abẹle kan lọjọ Aiku pe yẹkini kan ko ni yẹ eto naa. O ni gbogbo wọọdu mejilelaadọwa to wa kaakiri ijọba ibilẹ mejidinlogun ni ipinlẹ Edo ni eto naa yoo ti waye. Ni ibi eto idibo naa to ṣi n lọ lọwọ lasiko ti a n ko iroyin yii jọ, gbogbo awọn aṣoju to wa dibo nibẹ ni wọn lo ibomu wọn ni ibamu pẹlu ilana ofin COVID-19 ni ipinlẹ Edo.lawọn wọọdu miran, eeyan marundinlogun lo n wa lori ila lẹẹkanṣoṣo ti awọn ọmọ ẹgbẹ si n ṣe afihan kaadi ọmọ ẹgbẹ wọn lasiko ti wọn fi n reti ati dibo. Idibo yii n waye lẹyin ti ẹgbẹ oselu APC ti ys ọwọ gomina Godwin Obaseki atawọn oludije meji miran, Chris Ogiemwonyi ati Mathew Iduoriyekenwen lawo idije naa. Bi eeyan ba ti n fi ọkan ba awuyewuye to n waye lagbo oselu nipinlẹ Edo lorilee-de Naijiria lẹnu ọjọ mẹta yi, yoo ri pe ara ọtọ ni oselu Naijiria, Ati pe ọrọ oṣelu yii ti gba ọgbọn ati suuru lasiko yii. Eyi ko ṣẹyin igba ti aawọ laarin Gomina Godwin Obaseki ati alaga ẹgbẹ oṣelu APC, iyẹn  Adams Oshiomole bẹrẹ yi, A ti ri itu orisirisi lati ọwọ awọn to n kopa ninu ohun to fẹ jọ ere ori itage yii, sugbọn to se pe awọn oloselu ni oṣere to wa ninu rẹ. Ki wa lawọn ẹkọ ta le ri dimu ninu ere agbelewo ti gbogbo ọmọ Naijiria n reti ibi ti yoo kangun si yi? A o  gbiyanju lati se atupalẹ diẹ ninu wọn ni meni meji: Awọn agba Yoruba lo maa n pa lowe pe ibi ti a ba ti sọ pe o daarọ, a kii pada sibẹ lati  ki wọn pe ẹ kaalẹ sugbọn lagbo oselu Naijiria ọrọ yi ko fẹẹ ri bẹẹ. Gomina Obaseki ti o jẹ Gomina labẹ ẹgbẹ oṣelu APC la ti ri pe o pada si ẹgbẹ oselu PDP, eyi to ti  bẹnu atẹ lu tẹlẹ ri. Bakan naa la ri ninu ere ori itage Edo yi pe Adams Oshiomole to ti kọkọ kẹyin si Ize Iyamu to ko ipa ribi ribi nigba ti Oshiomole fi dupo Gomina ti wa pada wa fontẹ lu Iyamu gẹgẹ bi ayanfẹ rẹ bayi. Ọrọ yi ko jẹ tuntun sawọn to ba mọ isesi awọn oloselu Naijiria. Ṣugbọn ti o ba se pe o n se ẹyin ni kayeefi, ẹkọ nla kan re fun yin lati kọ - oloselu ko ni ọrẹ tabi ọta titi lailai. Wọn le ba o se ọrẹ loni, bo si di lọla, wọn a ṣe ipolongo lati tako ọ. 2.Aarẹ Buhari ko ṣe é gbọkanle pe o ni baba ni igbẹjọ tabi pe o máa ṣe iṣe baba isalẹ fun ọ: Ẹkọ pataki yii la ri kọ lati ara aawọ to waye laarin Adams Oshiomole ati Godwin Obaseki. Bi eeyan ba jẹ oloselu lode toni tabi to n gbero lati darapọ mọ oselu, o ti wa foju han gbangba bayi pe ko le mu aarẹ Naijiria gẹgẹ bi baba isalẹ ti yoo gba a la lọjọ iṣoro. Gbogbo igbiyanju Gomina Obaseki lọ si ile Aarẹ ni Aso Rock lọdọ Aarẹ Buhari  nigba ti ẹgbẹ APC fẹ yọwọ rẹ lawo lati dupo Gomina lo ja si pabo. Bi o se pe Obaseki  woye ohun to sẹlẹ s'ara waju bii Ambọde àti Kwakwanso ninu ẹgbẹ naa ni, ko ni wulẹ daamu ara rẹ. Gẹgẹ bi awọn onwoye oselu Naijiria ti se sọ, Aarẹ Buhari kii da si ọrọ aawọ to ba n waye laarin awọn ọmọ ẹgbẹ APC. Ko sẹsẹ bẹrẹ , eyi si kọ ni yoo jẹ opin. Nitori naa, ẹkọ nla re e f'ẹnikẹni to ba fẹ sa lọ ba  aarẹ lati gbeja rẹ. 3. Paṣan ti a fi na iyale... Gbogbo nkan ti a n ri ninu awuyewuye oselu ipinlẹ Edo n jẹki ọrọ yi rinlẹ si lọkan gbogbo ẹni to ba n fi ọgbọn ati oye ba a bọ  wi pe awọn oloselu kii ba ara wọn se ọrẹ timọtimọ. Ki se igba akọkọ re e ta o ri ti baba isalẹ ati ọmọ lẹyin to fa si ipo yoo ma doju ija kọ ara wọn. Ni ipinlẹ Eko, Gomina Akinwumi Ambode ati agbaọjẹ oloselu ipinlẹ naa Ahmed Bola Tinubu to fa a kalẹ gẹgẹ bi Gomina, pada gbena woju ara wọn. Ni Kano, iru nkan bayi naa lo sẹlẹ laarin Gomina Abdullahi Ganduje ati ẹni to gbe ipo le lọwọ, Rabiu Kwankwaso. Ni ipinlẹ Kwara naa ati ri iru rẹ to sẹlẹ ti Abubakar Olusola Saraki to fa Gomina Muhammed Alabi Lawal silẹ wa pada wa doju ija kọ. Koda, Bukola Saraki to jẹ ọmọ bibi Dokita Olusola Saraki sebi ẹni tako baba rẹ pẹlu bi ko se gbaruku ti aburo rẹ, Sẹnẹtọ Gbemi Saraki ti baba rẹ fẹ ki o jẹ Gomina lẹyin rẹ. 4.   Ipo ti a fẹ du ṣe pataki ju ilana ẹgbẹ lọ Lawọn orile-ede kan, eeyan a maa da ẹgbẹ oselu mọ pẹlu ilana wọn ati ohun to jẹ afojusun to mu wọn da ẹgbẹ silẹ. Bi oloselu ba gbe igba ibo, abẹ ilana yiii ni yoo fi gbe eto ati erongba isejọba rẹ kalẹ fun awon ara ilu. Sugbọn ni agbo oselu Naijiria nilẹ toni to mọ yi, awọn oloselu ko fi tẹgbẹ se. Ibi ti wọn yoo ti ribi du ipo lọkan wọn a maa wa. Apẹrẹ ti a ri lati fi kin ọrọ yi lẹyin ni bi Gomina Godwin Obaseki ko ti se jẹ ki ọjọ pẹ rara ki o to sare lọ darapọ mọ ẹgbẹ oselu PDP lẹyin ti APC ni pe awọn ko fun un ni tikẹẹti ẹgbẹ mọ. Labẹ pe awọn oloselu ko bikita fun erongba tabi ilana yi naa la ti ri pe awọn ọmọ ẹgbẹ oselu PDP naa gba Obaseki tọwọ tẹsẹ, Koda, wọn si tun fi aaye awọn nkankan gba a, ki o ba le jẹ ẹni ti ẹgbẹ fẹ gbe asia le lọwọ lati du ipo. Sinima to gun ni ọrọ oṣelu Naijiria, ko fẹ ẹ ni opin: Nibi ti ọrọ de e duro yii, ko si ẹni to le sọ pe ibi kan ni yoo ja si nigbẹyin. Nigba ti awuyewuye yii bẹrẹ, Adams Oshiomole lo dipo alaga ẹgbẹ APC mu. Ni ba ti se n sọrọ yi, ile ẹjọ giga ti yẹ aga nidi Oshiomole ti awọn miran si ti n ja witiwiti lati wa ni ipo alaga. Labẹ pe ibẹrẹ kọ l'onisẹ, afi ẹni ba laa ja, awọn ti o fi ẹgbẹ oselu APC silẹ fun Oshiomole bi Aarẹ ile asofin agba tẹlẹ ri Bukola Saraki ni wọn wa n gba Godwin Obaseki lalejo ninu ẹgbẹ oselu PDP bayi. Njẹ ajọsepọ awọn to kora jọ lati doju ija kọ ara wọn wọnyi, yoo jẹ ọlọjọ pipẹ tabi awọn naa yoo pada wa tutọ si ara wọn loju? Oju re e, iran ree lọrọ to wa nilẹ yi. E jẹ ki a jijọ maa fọkan ba ọrọ yi bọ. Godwin Obaseki ti darapọ̀ mọ́ ẹgbẹ́ òṣèlú People's Democratic Party Gómìnà ìpínlẹ̀ Edo Godwin Obaseki ti kúrò ní ẹgbẹ́ òṣèlú All Progressive Party lọ si ẹgbẹ́ òṣèlú People's Democratic Party. Akọwé gómìnà Crusoe Osagie lo fìdí ọ̀rọ̀ náà múlẹ̀ fún BBC Sáájú ni Obaseki ti kéde lọ́jọ́ ìsẹ́gun ọjọ́ kẹrindinlógún, oṣù kẹfa ọdún 2020 pé òún yóò kòwé fi ẹgbẹ́ òṣèlú APC silẹ̀ tẹ́lẹ̀. Lósàn òní ni Gómìnà ìpínlẹ̀ Edo Godwin Obaseki tìkara rẹ̀ kéde nílé ẹgbẹ́ òṣèlú People's Democratic Party (PDP) nílùú Benin pé òun ti di ọmọ ẹgbẹ́ náà. Fọ́nran tó jẹyọ lójú òpó twitter ẹgbẹ́ òṣèlú PDP ni gómínà tí sọ pé ""O ní ni ìpínlẹ̀ Edo àti jákèjádò orílẹ̀ -èdè Naijiria ní òún ti dí ọmọ ẹgbẹ́ náà"" Osagie fi kun pé Gómìnà ń pinu láti dupò gómìnà lábẹ́ àsìá ẹgbẹ́ òṣèlú PDP. Ẹgbẹ́ òṣèlú PDP sún ìdìbò abẹ́nú Edo síwájú síi Obaseki: Ẹgbẹ́ òṣèlú PDP sún ìdìbò abẹ́nú Edo síwájú síi Ẹgbẹ oṣelu Peoples Democratic Party PDP nipinlẹ Edo to sun ọjọ idibo abẹnu fun awọn to fẹ dipo Gomina ni ipinlẹ naa siwaju. Idibo ọhun yo yẹ ki o waye lọjọ kokandinlogun ati ogunjọ oṣu Kẹfa  yoo ma waye ni ọjọ kẹtalelogun oṣu Kẹfa bayi. Gẹgẹ bi ohun ti a ri ka ninu iwe iroyin Naijiria The Punch,akọwe ipolongo ẹgbẹ naa Kola Ologbondiyan fidi ọrọ yi múlẹ pe"" awọn ti sunjọ idibo naa titi di ọjọ Kẹtalelogun oṣu Kẹfa."" Ṣaaju ni iwe iroyin naa ti jabọ pe Gomina Obaseki ti ṣe ìpàdé kan pẹlu alaga igbimọ awọn Gomina labẹ ẹgbẹ naa Aminu Tambuwal ati alaga ẹgbẹ Uche Secondus l'#Ojọru. Bayi ti isunsiwaju yi ti waye, o ṣeeṣe ki ẹgbẹ naa ma palẹmọ gbogbo eto lori gbigbe asia ẹgbẹ fun Obaseki lati dupo Gomina naa labẹ orukọ ẹgbẹ wọn. Gómìnà Godwin Obaseki yóò d'ọmọ ẹgbẹ́ òṣèlú PDP lọ́sẹ̀ yìí O daju pe ẹgbẹ oṣelu Peoples Democratic Party, PDP ni Gomina Godwin Obaseki nlọ, Yoo si darapọ mọ ẹgbẹ naa ki eto idibo abẹle lati yan oludije ipo gomina ipinlẹ Edo lọjọ kọkandinlogun ati ogunjọ oṣu yii. Alaga ẹgbẹ oṣelu PDP ni ipinlẹ Edo, Tony Aziegbemi lo fi to BBC News leti bẹẹ. O ni lootọ ko si idaniloju taarata pe oun ni yoo gbe aṣia ẹgbẹ oṣelu naa nitori iwe ofin rẹ ko faaye gba bẹẹ ṣugbọn o daju pe Obaseki yoo darapọ mọ ẹgbẹ oṣelu naa. Ọgbẹni Aziegbem ni bayii ohun to mumu lọkan oun gẹgẹ bi alaga ẹgbẹ oṣelu PDP ni ipinlẹ Edo ni ""lati rii daju pe gomina Ọbaseki darapọ mọ ẹgbẹ oṣelu naa."" Ni tirẹ, Kọla Ologbondiyan to jẹ agbẹnusọ fun ẹgbẹ oṣelu PDP lapapọ ṣalaye fun BBC pe ""ki gomina Obaseki to lee di ọmọ ẹgbẹ oṣelu PDP ni ṣan an, igbesẹ naa yoo bẹrẹ pẹlu ẹka ẹgbẹ oṣelu naa ni ipinlẹ Edo ki o to kan apapọ ẹgbẹ oṣelu ọhun."" Bakan naa, igbakeji gomina ipinlẹ Edo, Phillip Shaibu pẹlu ti kọwe fi ẹgbẹ oṣelu APC silẹ. Koda awọn aworan kan to n jade lori ayelujara ṣe afihan Shaibu nibi to ti n yọ aṣia ẹgbẹ oṣelu naa danu ti o si n pariwo 'o digba fun ẹgbẹ oṣelu APC ni ileejọba ipinlẹ Edo' Ni ọjọ Iṣẹgun, ọjọ kẹrindinlogun oṣu kẹfa  ni gomina Obaseki kọwe fi ẹgbẹ oṣelu APC silẹ lẹyin ti wọn yọ ọwọ rẹ kuro lawo idije fun aṣia ẹgbẹ oṣelu naa gẹgẹ bi oludije ipo gomina nibẹ."
politics	PDP Crisis: Mo fẹ kí èmi àti Auxillary kojú ara wa lọ́dọ̀ ọlọ́pàá ní Abuja lórí ìkọlù náà	"Eekan oloṣelu kan lẹgbẹ oṣelu NNPP nipinlẹ Ọyọ, Alhaji Adebisi Ọlọpọeyan ti kọwe ẹdakun ẹ gbami ranṣẹ si ọga ọlọpaa lorilẹede Naijiria Usman Baba. Bakan naa lo fi iwe ẹbẹ sọwọ si adari ileeṣẹ̀ alaabo DSS, Yusuf Bichi pe ko ṣeto ati fi panpẹ ofin gbe olori ajọ amojuto ibudokọ ero nipinlẹ̀ Ọyọ, PMS, Mukaila Lamidi ti ọpọ mọ si Auxilliary. Awọn iwe ẹbẹ naa lo kọ nitori bi awọn afurasi janduku kan se ya bo ile rẹ lọjọ Aje, ti wọn si ba dukia olowo iyebiye jẹ ati bi wọn ti ṣe ọpọ eeyan leṣe pẹlu. Ninu iwe ẹbẹ to kọ sawọn agbofinro naa si ni Olopoeyan ti kede pe Auxillary ni oun fura si pe o ran awọn janduku naa wa se isẹ ibi nile oun. Eekan ẹgbẹ oṣelu PDP ni Alaaji Ọlọpọeniyan tẹlẹ, ki o to digba ati agbọn rẹ gba ẹgbẹ oṣelu NNPP lọ. O ni bi gomina ipinlẹ̀ Ọyọ, Seyi Makinde ṣe n ṣakoso ẹgbẹ oṣelu naa lo sun oun kuro lagbo rẹ lọjọ Aje. Lẹyin to gbe igbesẹ kuro lẹgbẹ oṣelu PDP lọ si NNPP yii, lawọn janduku kan, ti Alaaji Ọlọpọeniyan sọ pe oun furasi pe wọn jẹ ọmọ ajọ amojuto ibudo ero nipinlẹ naa. Amọṣa o, ọwọ awọn ọlọpaa kogberegbe tẹ ọkan ninu wọn. Alaaji Ọlọpọeniyan ṣalaye pe kii ṣe oni tabi ana ni Auxilliary ti n lepa ẹmi oun, ti oun si ti kọ ọpọ iwe ẹ gba mi ranṣẹ si awọn adari ileeṣẹ ọlọpaa ati ileeṣẹ agbofinro DSS. O ni ikọlu naa fidi ohun ti oun ti n fi to ileeṣẹ ọlọ̀paa leti tipẹtipẹ ni ṣugbọn ọkan ninu awọn janduku naa ti awọn ọlọpaa mu lo jẹ ki oun mọ pe awọn mọ ikọ amojuto ibudokọ ero nipinlẹ Ọyọ ni afurasi naa jẹ. Eekan oloṣelu naa ṣalaye pe kii ṣe igba akọkọ niyi ti awọn ""ọmọlẹyin Auxilliary"" yoo maa kọlu oun; nitori pe wọn ṣe oun to jọọ eyi lasiko ti oun ṣi wa lẹgbẹ oṣelu PDP. ""Wọn kọlu wa nibi ipade idibo yan awọn adari ẹgbẹ oṣelu naa to waye ni papa iṣire Liberty. Ninu ọrọ rẹ si ẹsun ti Alaaji Ọlọpọeniyan fi kan PMS ati alaga rẹ, Auxilliary, alukoro ajọ amojuto ibudokọero nipinlẹ Ọyọ, PMS ṣalaye pe irọ nla ni Alaaji Ọlọpọeniyan n pa. O ni ahesọ lasan ni pe awọn ọmọ ajọ PMS lo kọlu ile oloṣelu naa nitoripe agbegbe Testing Ground niluu Ibadan ni iṣẹlẹ naa ti waye niwaju agọ ọlọpaa to wa ni Testing ground. Awọn ọlọpaa ranṣẹ pe awọn kan lara awọn ọmọ wa, nigba ti wọn n kuro nibẹ lawọn janduku kan ti wọn jẹ ọmọlẹyin Alaaji Ọlọpọeniyan kọlu wọn ni oju titi nibẹ. Awọn gan an ni ọdaluru o."" Saaju la ti mu iroyin wa fun yin pe wahala nla bẹ sile nilu Ibadan, tii se olu ilu ipinlẹ Oyo nigba ti awọn afurasi janduku kan ya bo ile eekan oloselu kan. Oluwarẹ ni Alhaji Adebisi Olopoeyan, tii se alajọsepọ tẹlẹ ninu ẹgbẹ oselu PDP pẹlu gomina Seyi Makinde. Olopoeyan, to n fapa janu lori bo se ni gomina Makinde n fi ọwọ rọ wọn sẹyin ninu ẹgbẹ PDP ati isejọba rẹ lo wa ni igun tinu n bi ninu ẹgbẹ oselu PDP tẹlẹ. Adebisi Olopoeeyan lo kede lọjọ Aje pe oun ti kuro ninu ẹgbẹ oselu PDP, ti oun si ti dara pọ mọ ẹgbẹ oselu New Nigeria People's Party, NNPP. Nibi ayẹyẹ igbasagbo kan to waye nilu Ibadan lọjọ Aje ni wọn ti fi tilu-tifọn ki Olopoeyan atawọn alatilẹyin rẹ kaabọ sinu ẹgbẹ oselu NNPP. Nigba to n sọrọ nibi ayẹyẹ igbasagbo naa ni Olopoeyan ti sapejuwe gomina Makinde bii alaimoore. Agba oselu naa salaye pe ibẹrẹ pẹrẹ ni oun ti gbe ẹgbẹ PDP ga lọdun 2015 fun Seyi Makinde lati moke ninu idibo gomina. O wa fọwọ gbaya pe ọpọ ọmọ ẹgbẹ APC ati PDP nipinlẹ Oyo si ni wọn ti n palẹ mọ lati dara pọ mọ ẹgbẹ NNPP naa laipẹ laijinna. Ko pẹ ti ayẹyẹ igbasagbo naa pari ni awọn janduku kan ya bo ile agba oselu Adebisi Olopoeyan to wa ni Basorun/Idi Ape nilu Ibadan. Se ni ọpọ eeyan to wa ni adugbo naa, titi to fi de orita Idi-Ape si Iwo Road fẹsẹ fẹ nigba ti wọn n gburo ibọn to n dun lakọ lakọ ati idagiri eeyan. Idi ni pe wọn ro pe awọn adigunjale lo tun gbe ise wọn de ladugbo naa gẹgẹ bi wọn ti se nibẹrẹ ọdun yii. Nigba ti wọn yoo si fi sẹju diẹ lẹyin isẹju melo kan, ọpọ eeyan, ti pupọ wọn jẹ alatilẹyin Olopoeyan, ti fara pa yanna-yanna. Bi o tilẹ jẹ pe awọn janduku naa raye na papa bora, amọ sibẹ ọwọ tẹ ọkan lara wọn. Lasiko to si fẹ fẹsẹ fẹ pẹlu awọn yoku rẹ ni awọn eeyan gba ya a, ti wọn si mu silẹ. Lara awọn nnkan ti wọn si ba lara afurasi naa ni kaadi idanimọ ọmọ ẹgbẹ alakoso gareeji ọkọ nipinlẹ Oyo, Parks Management System (PMS). Alhaji Mukaila Lamidi, ti ọpọ eeyan mọ si Auxillary si ni adari ẹgbẹ PMS naa. Ninu fidio kan to wa lori ayelujara nibi ti awọn eeyan ti n fi ọrọ wa afurasi ti wọn naa lẹnu wo. Afurasi janduku naa, ti wọn ti bọ sokoto nidi rẹ de idaji, lo ti salaye pe oun kii se ara awọn janduku to wa sile agba oselu naa. Bakan naa ni ko si asọ lọrun afurasi naa, to si din irun rẹ ni irun dada igbalode. Afurasi naa, to na kaadi idanimọ ti wọn ka mọ lọwọ soke, wa n bẹ awọn to mu pe ki wọn mase jẹ ki oun jẹ iya oniya nitori oun kii se ara awọn janduku to wa. ""Ẹ dakun, ẹ ma pa mi. Emi kii se ara wọn walahi, ọlọkada ni mi: Iyawo mi sẹsẹ loyun ni, ọlọkada ni mi emi kii se ara wọn. Mo ni ki n maa ta igbo yii ni boya Ọlọrun le saanu mi, n kii se ara wọn."" Amọ nibayii, wọn ti fa afurasi janduku naa le awọn ọlọpaa lọwọ. BBC Yoruba kan si agbẹnusọ fun ẹgbẹ alakoso gareeji PMS nilu Ibadan, Wasiu Adebayo lati mọ iha ẹgbẹ naa si isẹlẹ ọhun. Adebayo, lasiko to n ba BBC Yoruba sọrọ ni awọn ko mọ ohunkohun nipa isẹlẹ naa. ""A ko mọ nkankan nipa rẹ, tẹ ba bi wọn gan, wọn yoo sọ fun yin pe a ko mọ nkankan nipa isẹlẹ naa. Awọn ole ni wọn sọ pe wọn wa jale ni adugbo yẹn, awa kan rin si asiko ti isẹlẹ naa waye ni. Ohun to sẹlẹ nibẹ ko kan wa rara, a kan kọja ni akoko igba yẹn ni. Ẹnikankan ko ba wn ja ninu awọn ọmọ ẹgbẹ PMS, awọn naa ko si ba wa ja, a kan kọja lọ nibẹ ni."" Wayio, ileesẹ ọlọpaa ipinlẹ Oyo ti wa salaye pe ko si isẹlẹ idigunjale kankan to waye ladugbo Idi-Ape lọjọ Aje gẹgẹ bawọn eeyan kan se n sọ ahesọ ọrọ kiri."
politics	APC govs meet: Ìpàdé ẹgbẹ́ òṣèlú APC yóò wáyé lónìí, wo ohun tí wọ́n fẹ́ sọ̀rọ̀ nípa rẹ̀	"Ẹgbẹ oṣelu All Progressives Congress yoo ṣepade ni oni ọjọ Aiku lati jiroro lori ọjọ pato ti wọn yoo ṣe ipade apero gbogbo gbo eyi ti yoo ṣaaju idibo abẹle wọn. Eyi waye ni idahun si iru ikilọ ti aarẹ Naijiria, Muhammadu Buhari fi sita ninu ifọrọwerọ to ṣe pẹlu ileeṣẹ amohunmaworan NTA l'Ọjọbọ ọsẹ nibi to ti ni ki wọn tete wa wọrọkọ fi ṣe ada ki ituka ma baa ṣẹlẹ ninu ẹgbẹ wọn. Ninu ifọrọwerọ naa ni Aarẹ Buhari ti ni bi wọn ṣe da oni da ọla ti wọn n fi nkan falẹ, ẹgbẹ APC kan n fi ara wọn si eti bebe ijakulẹ ni lọwọ ẹgbẹ oṣelu alatako wọ, Peoples Democratic Party ninu idibo ọdun 2023. Kìí ṣe ohun tí ojú kò rí rí tí ìyàwó mi bá ní owó jù mí lọ - Kolawole Ajeyemi Wo obìnrin tó ṣe ìgbéyàwó pẹ̀lú àwọ̀ ""Pink"" Bobrisky tọrọ àforíjì lọ́wọ Ọba Benin lẹ́yìn tó ní kó wá fẹ̀ òun Nigba ti alaga ẹgbẹ awọn gomina iha Ariwa naa ṣepade pẹlu Aarẹ Buhari lọjọ Ẹti, Simon Lalong ni koko ohun ti awọn yoo maa ṣepade le lori lọjọ Aiku ni yiyan ọjọ ti ipade apero nla ẹgbẹ naa yoo waye. Ni bayii, gbogbo awọn gomina APC ti ṣetan fun ipade oni lati yan ọjọ ti wọn yoo ṣe e. Gẹgẹ bo ṣe sọ, Aarẹ Buhari ti ni onyẹ kankank ko ni yẹ wiwaye ipade apero wọn ninu oṣu keji ọdun yii. BAkan naa lo tọka sii pe ikilọ aarẹ Buhari pe ki wọn to ile wọn jẹ ohun to yẹ ki awọn ẹgbẹ mu lọkunkundun."
politics	Ṣé lóòtọ́ ni ìjọba Amẹrika kọ̀ láti fún Tinubu ni Físà?	Ikọ ipolongo ẹgbẹ oṣelu APC ti sọ pe irọ nla gba ni iroyin to sọ pe ijọba Amẹrika kọ lati fun oludije sipo Aarẹ ninu ẹgbẹ naa, Bola Ahmed Tinubu ni iwe irinna Fisa. Ṣaaju lo yẹ ki Tinubu rinrinajo lọ silẹ Amẹrika nibi to yẹ ko ti ṣe ipade kan lonii ọjọ kẹrin, oṣu Kejila, ọdun 2022 yii, to si yẹ ko pada si Naijiria lọjọ kejila, oṣu kan naa. Amọ kaka ki Tinubu lọ si Amẹrika, ni ṣe ni wọn sun irinajo naa siwaju. Ko pẹ lẹyin naa ti iroyin jade pe Tinubu ti sun irinajo rẹ siwaju ti iroyin gbode pe ṣe ni ijọba Amẹrika kọ lati fun Tinibu ni iwe irinna, ni ko jẹ ko le lọ si irinajo ọhun. Lẹyin naa tun ni aworan kan Tinubu pẹlu Aarẹ ilẹ Amẹrika, Joe Biden bẹrẹ si n fa ori ayelujara ya, ti awọn ololufẹ APC kan si sọ pe Tinubu ti lọ si Amẹrika, nibi to ti ba Aarẹ Biden ya fọto. Amọ ẹgbẹ oṣelu naa sọ ninu atẹjade kan pe ayederu ni aworan ọhun, ati pe awọn ọmọ ẹgbẹ alatako lo po aworan naa pọ lati tan awọn araalu jẹ ati lati tabuku Bola Tinubbu. Agbẹnusọ ikọ ipolongo Tinubu, Festus Keyamo ti sọ loju opo Twitter rẹ pe Tinubu ni iwe irinna ilẹ Amẹrika dani, o si le fi Fisa naa rinrinajo titi di ọdun to n bọ. Keyamọ tun fi aworan iwe irininna ‘passport’ Tinubu lede, ninu eyii ti Fisa Amẹrika naa wa lara rẹ. O ni “Aworan yii wa fun awọn gbọyisọyi to n gbe iroyin ẹlẹjẹ kiri nipa Bola Tinubu pe ko ri Fisa Amẹrika gba.” Gẹgẹ bii ohun ti ninu Fisa ti Keyami fi lede, Tinubu le fi iwe naa lo si Amẹrika titi di oṣu Kọkanla, ọdun 2023. Ẹwẹ, ọpọ eeyan lo n sọ loju Twitter naa pe ayederu ni Fisa ti Keyamo fi lede. Amọ ṣa, Tinubu yoo sọrọ nibi ipade kan ni Chatham House niluu London, nibi ti yoo ti ṣalaye nipa awọn eto rẹ fun Naijiria to ba le de ipo Aarẹ.
politics	Bola Tinubu: A óò yọ àwọn ọmọ Naijiria kúrò nínú ìṣẹ́, òṣì, ìṣòró ètò aàbò àti àìmọ̀kan	"Olori ẹgbẹ Afenifere, Oloye Ayo Adebanjo ti sọ pe bi igba ti Tinubu n pe awọn ọmọ Naijiria, paapaa ẹya Yoruba ni ọ̀dẹ̀ ni ọrọ to sọ pe eto aabo Naijiria yoo dara si i ti oun ba fi di aarẹ. Adebanjo sọ ọrọ naa fun BBC Yoruba pe kii ṣe igba akọkọ re e ti ẹgbẹ oṣelu APC ti Tinubu wa ti n sọ pe awọn yoo tun eto aabo Naijiria ṣe. Ọjọru, ọjọ kọkandinlogun, oṣu yii, ni Tinubu sọ ọrọ naa gẹgẹ bi ara ipinnu to ni fun awọn ọmọ Naijiria to ba fi wọle si ipo aarẹ lọdun 2023. Ki gan an ló mú kí awuyewuye pọ̀ lórí ìkéde èròngbà Tinubu láti du ipò ààrẹ Nàìjíríà? Ṣugbọn Adebanjo sọ pe bi wọn ṣe sọ ni ṣaaju idibo to gbe wọn wọle lọdun 2015 ati 2019 niyẹn, amọ ti ko si ayipada kankan. Eyi to tumọ si pe ẹtanjẹ lasan ni. Adebanjo ni ẹgbẹ Afenifere ko ni i gba eto idibo kankan, ayaafi ti wọn ba fagile ofin ti Naijiria n lo lọwọ, ti wọn si pada si eyi ti Obafemi Awolowo, Nnamdi Azikiwe, Tafawa Balewa ati awọn baba nla Naijiria fi ọwọ si. Kini Tinubu sọ? Lara nkan ti Tinubu tun sọ pe ẹgbẹ APC yoo ṣe ni pe yoo mu awọn ọmọ Naijiri kuro ninu iṣẹ ati oṣi ti wọn ba le dibo fun awọn. Tinubu lo sọ ọrọ naa ninu fidio kan to n milẹ titi lori ayelujara, nibi to ti n ba awọn alatilẹyin rẹ kan sọrọ lori erongba ẹgbẹ naa fun awọn ọmọ Naijiria. Bola Tinubu ni pe:  ""…A oo ṣe eyii ki a ma baa yọ ẹnikẹni silẹ, eyii ko si ni nnkankan n ṣe pẹlu bi wọn ṣe toṣi to."" ""Ami ẹgbẹ wa ni igbalẹ, ami to si wa lori fila mi ni jija ajaga… A oo ja ajaga oṣi, a oo ja ajaga iṣẹ ati ajaga aimọkan."" Tinubu tẹsiwaju pe Naijiria nilo alaafia ati ọna lati fopin si bi awọn janduku ṣe n da omi alaafia Naijiria ru. Lẹyin naa lo rọ awọn alatilẹyin rẹ lati ṣe atilẹyin fun ẹgbẹ oṣelu APC nitori ẹgbẹ onitẹsiwaju ni ẹgbẹ naa jẹ, gẹgẹ bii ohun to sọ. Nnkan bii ọsẹ meji sẹyin ni Tinubu kede pe oun yoo dije du ipo Aarẹ Naijiria, ati pe oun ti fi erongba naa to Aarẹ Muhammadu Buhari leti. Ṣaaju ni iroyin ti kọkọ n lọ nigboro, ti ọpọ patako ajuwe si n kede pe Tinubu yoo dije du ipo Aarẹ, amọ ko sọ nnkankan nipa ipinnu rẹ titi di akoko to kede pe oun ti fi ọrọ naa to Aarẹ leti. Wayi o, pupọ awọn ọmọ Naijiria lo ti n fi erongba wọn lede lori erongba Tinubu lati dije du ipo Aarẹ. Bi awọn kan ṣe gbagbo pe oun ni ade Aarẹ naa tọ si nilẹ Yoruba nitori awọn iṣe ribiribi ti wọn ni o ti ṣe sẹyin. Lawọn mii n sọ pe ipo naa ko tọ si rara nitori bo ṣe dakẹ gbera lasiko ti awọn ọdaran Fulani n pa awọn ọmọ Yoruba, ati atubọtan iwọde EndSARS lọdun 2020. Ẹwẹ, awọn ẹgbẹ mii lero pe idibo kọ lo kan ninu ọrọ awọn ọmọ Yoruba lọwọ yii bi ko ṣe ki wọn pin, ki olukaluku si da ọmu iya rẹ gbe. Gbogbo ẹ gbogbo ẹ, ẹkọ yoo foju mimu han ti asiko eto idibo naa ba to lọdun 2023."
religion	Sotitobire: Wolii Babatunde Alfa jáde lọ́gbà ẹ̀wọ̀n lẹ́yìn ìdájọ́ ilé ẹjọ́ kòtẹ́milọ́rùn	"""Lati inu isin ọjọ isinmi ni mo gba de ọgba ẹwọn"" ""Mo ke pe Ọlọrun, o si yọ mi'"" Ọrọ idunnu ti wolii Babatunde Alfa fi si ẹnu pẹlu ayọ ati idunnu niyi lasiko ti wọn ti tuu silẹ lọgba ẹwọn olokuta nipinlẹ Ondo. Ni ọjọ Ẹti, ọjọ kẹta oṣu kini ọdun 2021 ni ile ẹjọ kotẹmilọrun da Woli Babatunde Alfa ti ọpọ mọ si Sọtitobirẹ lare pe ko jẹbi ẹsin ijinigbe ti ile ẹjọ giga ipinlẹ Ondo fi ran an lọ si ẹwọn gbere lori ọmọdekunrin Gold to sọnu lasiko isin ọjọ isinmi ni ile ijọsin rẹ. Iyawo rẹ, Busọla atawọn ọpọ ọmọ ijọ ni wọn lọ gbe wolii Sọtitobirẹ wale lati ọgba ẹwọn loni."
religion	IPOB: Abia ń gbóná jain lọ́wọ́, Kumiyi kò gbọdọ̀ wá ṣe ìpàdé gbàgede tó fẹ́ ṣe!	"Ẹgbẹ to n pe fun ominira ilẹ Biafra, IPOB ti ke si adari Ijọ Deeper Life Bible Church, WF Kumuyi pe ko ma wa ṣe ipade gbagede niluu Abia. Wọn gba Kumuyi ni imọran pe nitori agbegbe ila oorun Guusu ariwa Naijiria to gbona jainjain ni awọn ṣe gba ni imọran naa. Ninu atẹjade ti agbẹnusọ ikọ IPOB fi lede, Emma Powerful ni wọn ti sọ pe o ṣeeṣe ki awọn agbebọn ti ko si ẹni to mọ wọn lọ iwọde naa lati fi ṣọṣẹ, ti wọn yoo si dẹbi ru ikọ IPOB. IPOB rọ awọn adari ẹsin ati pasitọ lati gbadura fun opin si eto aabo to mẹhẹ ni Naijiria. Bakan naa ki wọn si beere fun idajọ ododo lori iṣekupani Deborah Yakubu, ti awọn kan dana sun lẹyin ti wọn sọ pe o sọ ọrọ odi si Muhammed, to fi mọ Leah Sharibu naa to wa ni ahamọ ikọ agbesunmọmi. ''A gba Pasitọ Kumuyi ti ijọ Deeper Life Bible Church ni imọran lati woye bi eto aabo ṣe ri ni iha Ila Oorun Naijiria bo ṣe fẹ wa ṣe iwaasu ita gbangba.'' ""Awọn to n pete pero apẹjọpọ yii gbọdọ ri pe iru nkan bẹẹ ko ṣẹlẹ nitori aabo."" ""Nitori naa ni a ṣe gba a nimọran pe ko ma si ipade kankan."" ""Iko IPOB ko ni gba ẹnikẹni laaye lati jẹ ki ẹmi awọn eniyan bọ lasiko ipade gbagede naa."" Bakan naa ni wọn kesi Kumuyi lati fi akoko yii gba adura fun opin si ija ati asọ to fi mọ iwa ọdaran ni agbegbe ọhun. Kí ló ṣẹ̀lẹ̀ tí Lizzy Anjorin ń wọ́ ìdí ìjọ Celestial tuurutu? Látilẹ̀ ni mo ti fẹ́ràn orin ìjọ Kérúbù àmọ́ ẹlẹ́sìn mùsùlùmí àti krìstẹ́nì ni mí - Qdot"
religion	Deborah Samuel Killed in Sokoto: Àwon ìròyìn òfégè nípa ikú Deborah ní Sokoto rèé ati ìkọlù sí Bishop Kukah	Ọpọlọpọ iroyin ofege lo ti ṣuyọ lẹyin iku arabinrin Deborah to jẹ ọmọ akẹkọọ ipele keji ni ileẹkọ imọ eto ẹkọ ti Shehu Shagari College of Education ni Sokoto ni Ọjọ Kejila, Oṣu Karun un, ọdun 2022. Arabinrin Deborah ọhun ni wọn pa lẹyin ẹsun pe o sọ ọrọ odi si Muhammed. Akojọpọ awọn iroyin ofege to waye naa ni BBC ṣewadii ti wọn si salaye rẹ si ibi; Ohun akọkọ to kọkọ ṣẹlẹ lẹyin iṣẹlẹ naa lori ayelujara ni bi awọn Musulumi kan ati Kristẹni kan ṣe n tahun si ara wọn pẹlu ẹsun pe awọn ẹlẹsin Musulumi ni wọn n ṣe alakatakiti julọ. Lẹyin naa ni ọpọlọpọ aworan, fidio ati atẹjade ti ko jẹ otitọ bẹrẹ si ni jade lori ẹrọ ayelujara. Awọn iroyin ofege yii ti mu ki awọn eniyan maa kede pe iyapa ni ọna abayọ si ọrọ Naijiria. Àwọn Mùsùlùmí tó ṣekúpa Deborah nítori ọ̀rọ̀ ẹ̀sìn kò ní wọ párádísè - Sheikh Gumi Àwọn ọlọ́kadà dáná sun 'Sound engineer' l'Eko lẹ́yìn àríyànjiyàn lórí ₦100 Mo ti túbá lọ́wọ́ Asiwaju, àmọ́ ìdí gaan tí mo fi kọ̀wé fipo sílẹ̀ gẹ́gẹ́ bí adarí ìpolongo ìbò Tinubu rèé Emeka Fans Page lori ẹrọ idọrẹ Facebook lo kọkọ fi fidio lede pe ifẹhọnuhan ti bẹ silẹ ni Sokoto, to si ni wọn ti pa gbogbo awọn Kristẹni to wa nibẹ. Eniyan bii 670,000 ni wọn ti wo fidio naa to si rọ awọn ọrẹ rẹ lati ṣe apinka fidio naa. Amọ ileeṣẹ ọlọpaa ni wọn yinbọn lu oluwọde meji amọ ko si aridaju pe ẹnikẹni ku ninu ifẹhọnuhan naa. Bio tilẹ jẹpe fidio wa to ṣafihan awọn afẹhọnuhan to n jo taya ọkọ lori titi pẹlu ada, ti wọn si n gbadura ni ọna Islam, ṣugbọn ko si aridaju pe ẹnikẹni ku, ti ijọba si ti kede ofin konile-gbele fun ọjọ kan gbako. Fidio miran ti wọn pin lo ṣafihan obinrin to wọ aṣọ funfun ti awọn ọkunrin kan si n fi igi lu u, ti awon obinrin miran to wo hijab si n wo iran re. Ninu fidio naa lo ti n sọ ni ede Hausa pe ki wọn dariji o, oun ko ni ṣe bẹẹ mọ. Amọ iwadii ikọ BBC Disinformation Unit fihan pe o kere tan o ti pe ọdun meji ti fidio naa ti n ja ranyin, ti ko si niiṣe pẹlu iṣẹlẹ to waye ni Sokoto. Iwadii fihan pe Kaduna ni iṣẹlẹ naa ti waye lẹyin ti ọwọ tẹ obinrin to wa ninu fidio naa fun ẹsun pe o ji awọn ọmọ to ṣi n ta wọn. Amọ niiṣe ni awọn eniyan pinka pẹlu akọle pe wọn ti n pa awọn Kristẹni ni Sokoto. Kà nípa àwọn mínísítà mẹ́wàá tó kọ̀wé fipò sílẹ̀ lábẹ ìjọba Ààrẹ Buhari Aworan kan to n ja ranyin ṣafihan arakunrin Christopher Uche- Ayodeji (Dr Chris) to jẹwọ wi pe oun gba ki awọn Musulumi ku nigba to n ṣiṣẹ gẹgẹ bi dokita ni iha Ariwa Naijiria. Aworan naa fihan pe dokita naa n ṣiṣẹ lọwọlọwọ ni ileewosan fasiti Birmingham. To si ni oun ko tilẹ ni ibanujẹ ọkan lori ohun ti oun ṣe nitori oun gbẹsan ipaniyan alabagbele pọ oun ti wọn pa ni ọdun 2015. Amọ ileewosan Birmingham ọhun ti ni ko si ẹni to n jẹ Dr Chris ni ọdọ awọn. Ati wi pe fọto ti wọn lo naa ni akọroyin kan ni Niajiria ni, ti orukọ rẹ n jẹ Ayodeji Rotinwa, to si rawọ ẹbẹ si awọn eniyan lati jawọ lilo aworan ọhun. Bakan naa ni ko si oju opo ẹnikankan to n jẹ Christopher Uche-Ayodeji (Dr Chris) lori Facebook ati awọn atẹjade to tẹlẹ. Iroyin ofege miran ti wọn tun pinka ni iroyin pe wọn jo ile Bisọọbu ijọ Aguda ni ipinlẹ Sokoto, Ẹniọwọ Mattew Hassan Kuku ni ilu Sokoto lasiko ifẹhọnuhan naa. Amọ atẹjade ti ijọ naa fi lede ni wọn ko jo ijọ tabi ile Bisọọbu Mattew Hassan Kukah. Bakan naa ni iroyin ni ferese ijọ Holy Family Catholic Cathedral to wa ni agbegbe Bello Way ati ijọ Kevin Catholic Church ni wọn jo lara rẹ.
religion	Sotitobire: Bí ìsìn ọjọ́ Ìsinmi àkọ́kọ́ ṣe lọ rèé lẹ́yìn tí ilé ẹjọ́ tú olùdásílẹ̀ ìjọ náà sílẹ̀	Pẹlu idunnu ati ayọ ni awọn ọmọ ijọ Sotitobire Praising Chapel fi n yin Ọlọrun ninu ijọ wọn to wa lagbegbe Oshile niluu Akure laarọ ọjọ Isinimi. Eyii lo n waye lẹyin ti ile ẹjọ kotẹmilọrun da idajọ ẹwọn gbere ti wọn da fun oludasilẹ ijọ naa, pasitọ Alfah Babatunde nu. Tìlù tìfọn ló bá dé láàrọ̀ òní nínú ìjọ Sotitobire lẹ́yìn tí ilé ẹjọ́ tú olùdásílẹ̀ ìjọ náà sílẹ̀ Adajọ naa ni pasitọ ọhunn ko mọ nnkankan nipa bi ọmọ ọdun kan, Kolawole Godl ṣe di awati ninu ijọ naa. Ẹsẹ ko gbero ninu ijọ naa, tilu tifọn si ni awọn ọmọ ijọ ọhun fi n yin Ọlọrun fun itusilẹ pasitọ wọn. Lara awọn to peju sibi isin ọjọ isiinmi akọkọ naa ni iyawo pasitọ ọhun, Bisola Alfah, awọn agbagba ijọ atawọn ogunlọgọ ọmọ ijọ naa. Awọran bi nnkan ṣe lọ nibẹ ree:
religion	TB Joshua: Apostle Paul M.E ti kéde ikú àgbà wòlíì náà láti oṣù kan sẹ́yìn	"Gẹgẹ bi awọn alasẹ ijọ Synagogue Church of All Nations (SCOAN) se sọ lasiko ti wọn n kede iku oludasilẹ ijọ naa, Wolii TB Joshua, bẹẹ ni ọrọ iku rẹ ri. Ijọ naa lo kede ni owurọ ọjọ Aiku pe Ọlọrun kii se nnkan, ko ma kọkọ fi han awọn wolii rẹ saaju. Bakan naa ni ọrọ ri pẹlu Wolii kan, to ti kọkọ sọ asọtẹlẹ ni osu kan sẹyin pe Ọlarun ti setan lati mu Wolii Temitope Balogun Joshua lọ sile ayeraye. Ninu fidio kan to gba awọn oju opo ayelujara kan, ni ojisẹ Ọlọrun kan Apostle M.E Paul ti n sasọtẹlẹ pe oun ri awọn angẹli, ti wọn wa gbe wolii TB Joshua lọ kuro laye. ""Ọlọrun fi iran igba ikẹyin kan han mi, ẹ tẹti si mi, mo duro silẹ, a si gbe mi lọ si ọrun, ferese ọrun si silẹ fun mi, mo si duro lati boju wo isalẹ ilẹ nile aye. Mo ri awọn angẹli mẹfa ti a ran lati ọrun wa sile aye pe ki wọn lọ gbe wolii Joshua wa, ohun ti mo ri ni mo n sọ. Awọn angẹli mẹta mu dani ni ọwọ ọtun ati mẹta ni ọwọ osi, ti wọn gbe wolii TB Joshua soke tente, to si mu ife ẹyẹ kan dani."" Wolii Paul ni oun wo ibi ti awọn wolii naa duro si, ti wọn si ya si apa ọtun, oun naa ba woju wo apa ọtun, amọ oun ko ri oju ẹni to joko sori itẹ. Bakan naa ni Apostle M.E Paul ni oun gbọ ohun Ọlọrun to n sọ fawọn angẹli naa pe ki wọn gba ife ẹyẹ naa lọwọ Wolii Joshua, ki wọn si mu wa fun oun. Bakan naa lo ni ki wọn mu wolii naa lọ sibi to yẹ fun. ""Lọgan ni mo ri awọn agba angẹli to tun ju awọn ti isaaju lọ, ti wọn n duro sẹba itẹ Ọlọrun, wsn wa gba ife ẹyẹ naa lọwọ wolii TB Joshua, ti wọn si gbe lọ siwaju itẹ Ọlọrun. O ni Oluwa ni ki awọn angẹli yii si gbe wolii si ibi to yẹ ko wa nitori o ti pari ire ije rẹ nile aye."
sports	Siasia: Ọlọ́pàá Bayelsa ṣalàye ibi tí wọ́n bá ìyá Siasia tó bọ́ sọ́wọ́ ajínigbé	Iroyin to tẹwa lọwọ latọdọ ile iṣẹ Ọlọpaa Bayelsa ni peawọn agbebọn ya wọ ile arabinrin Beauty Siasia wọn si ji i gbe lọ. Ninu atẹjade ti agbẹnusọ ile iṣẹ ọlọpaa ipinlẹ Bayelsa, SP ASinim Butswat fi ranṣẹ si ile iṣẹ BBC o fi aridaju han pe lootọ ni wọn ji iya agbabọọlu ati akọnimọọgba Naijiria tẹlẹ ri, Samson Siasia gbe. Atẹjade naa ṣalaye pe ni nkan bi agogo meji oru ganjọ ọjọ kẹẹdọgbọn oṣu keje ọdun 2019 ni awọn agbegbọn ti ẹnikẹni ko mọ gba ọna oju omi River Nun wọ ile Arabinrin Beauty. Ẹni ọdun ọgọrin ọdun ni Arabinrin Beauty to n gbe ni ilu Odoni ni ijọba ibilẹ Sagbama ipinlẹ Bayelsa ti wọn si ji i gbe lọ gba ori omi lọ si ibi ti ẹnikẹni kò mọ̀. Kọmiṣana ọlọpaa ipinlẹ Bayelsa ni atoun ati ikọ amuṣẹya awọn ti ṣe ibẹwo si ibi ti iṣẹlẹ naa ti waye ati pe ile iṣẹ awọn pẹlu ajọṣep awọn mii tọrọ kan nipa aabo ti kan lu agbami wiwa awọn agbenipa yii ati lati doola iya ti wọn ji gbe.
sports	Ṣé lóòtọ́ ni Lobi Stars fẹ́ ra Christiano Ronaldo lẹ́yìn tí òun àti Man United pínyà?	Ẹgbẹ agbabọọlu Lobi Stars ilu Makurdi ti kede pe ko si ohun to jọ pe awọn n mura lati ra Chritiano Ronaldo lẹyin ti adehun rẹ ati Manchester United wa sopin. Ibẹrẹ ọsẹ ti a wa ni Machester United fopin si adehun rẹ pẹlu Ronaldo lẹyin ifọrọwerọ kan to ṣe pẹlu akọroyin, Piers Morgans. Ninu ifọwerọ naa ni agbabọọlu ọhun ti sọrọ nipa ohun to n lọ ninu ikọ naa ti inu rẹ ko dun si. O tun sọrọ nipa akọnimọọgba ikọ naa, Erik Ten Hag, atawọn eeyan mii, amọ awọn ọrọ to jade ninu ifọrọwerọ naa ko dun mọ ikọ ọhun ninu. Ninu atẹjade kan loju opo Twitter rẹ, ẹgbẹ agbagbọọlu Lobi Stars sọ pe oun ko tii kan si Ronaldo lẹyin ti Man United pinya pẹlu rẹ. Atẹjade naa ni “A fẹ fi akoko yii sọ fun yin pe a ko tii kan si Cristiano Ronaldo lẹyin ti Manchester United tu silẹ.” “Adura wa ni pe Ọlọrun yoo ṣe ọna rẹ ni rere, a ko ni sọ ohunkohun lori igbesẹ yii mọ.” Lati igba ti agbabọọlu naa ati Man U ti pin gari ni oniruru awọn ololufẹ rẹ kaakiri agbaye ti n woye ikọ ti yoo darapọ mọ. Ronaldo wa lara awọn agbabọọlu to n ṣoju orilẹ-ede Portugal ninu idije ife ẹyẹ agbaye Qatar 2022 to n lọ lọwọ. Igbagbọ si wa pe yoo mọ igbesẹ to kan fun lẹyin ifẹ ẹyẹ agbaye ọhun.
sports	Nigeria vs Madagascar: Super Eagles ń gbáradì fún ọjọ́ àìkù	Awọn ọmọ ikọ agbabọọlu Naijiria ti n gbaradi kikan kikan lati gbena woju ikọ agbabọọlu Madagascar. BBC Yorùbá ní gbólóhùn pẹ̀lú àwọn agbábọ́ọ̀lù Super Eagles ní Egypt O ranti bi wọn ṣe ṣe e pẹlu ikọ Burundi ti wọn fi da sẹria fun wọn pe ik Burundi ba awọn wọ ọ gan ni ṣùgbọ́n Naijiria pada borí. John ni awọn ko ni kẹrẹ rara ninu igbaradi fun ifẹsẹwọnsẹ eyi ti yoo waye lọjọ aiku pẹlu Madagascar.
sports	Barcelona vs PSG: Messi fi àbàrá kékeré gba ńlá lọ́wọ́ Mbappe ni Nou Camp	Igba laa ni, ẹnikan o lo ile aye gbo. Ohun lo difa fun ọdọmọde agbabọọlu PSG, Kylian Mbappe to rọ agbaọjẹ agbabọọlu Barcelona, Lionel Messi loye. Goolu mẹta ọtọtọ ni Mbappe gba sawọn Barcelona nigba ti PSG pokọ iya fun Barcelona nile wọn ni ipele ẹlẹni-mẹrindinlogun idije UEFA Champions League lalẹ ọjọ Iṣẹgun. Ṣe ẹ mọ pe akọda oro ko da bi adagbẹyin. Messi lo kọkọ gba pẹnariti wọle PSG lai mọ pe o kọ lẹta si iya ni. Ṣugbọn goolu mẹrin ni Mbappe ati Moise Kean fi da pada lẹyin ti wọn lu Barca mọlẹ bi aṣọ ofi pẹlu ami ayo mẹrin sí ẹyọkan. Iti ọgẹdẹ ti ko to ohun ti a n yọ ada si ni PSG fi ọrọ Barcelona ṣe ni Nou Camp tori elege ara PSG, Neymar gan an ko lanfaani lati kopa ninu ifẹsẹwọnsẹ ọhún lẹyin to ti fi ẹsẹ ṣeṣe tẹlẹ. O ṣeeṣe ki Neymar kopa ninu ipele keji ifẹsẹwọnṣẹ ọhun ti yoo waye logunjo, oṣu kẹta ọdun yìí niluu Paris.
sports	Russia Boxer: Abẹ̀ṣẹ́kùbíòjò dágbére fáyé lásìkó ìjà rẹ	Iroyin ni kete ti wọn pari ija naa ni o ti hande pe Maxim ko le da rin kuro ni gbagede ija. Dadashev Maxim ọmọ Russia ni oun ati Subriel Matias jọ ja du bẹliti abẹṣẹkubiojo IBF light welterwiight. Buddy McGirt to n dari rẹ lo ni ki wọn fopin si ija naa ni ipele ikọkanla lọjọ Eti nigba ti Maxim ko lagbara mọ. Ni kete ti wọn lu aago yii ni wọn ti gbe Maxim lọ sile iwosan nitori ẹjẹ ti n dà ni agbari rẹ nibi ti wọn ti sare ṣiṣẹ abẹ fun un. Lẹyin iṣẹ abẹ yii ni ko pada ji mọ. Ajọ to n mojuto ọrọ ẹṣẹ kikan ni orilẹ-ede Russia ni awọn ti bẹrẹ iṣẹ iwadii kikun lori iṣẹlẹ yii. Umar Kremlev to jẹ akọwe agba ajọ naa ni o dabi pe ejo iku Maxim fẹ lọwọ ninu. O ni Maxim jẹ ọkan lara awọn ọdọmọde abẹṣẹku bi ojo ti Russia n wo fun ọjọ iwaju rere. Akọwe agba naa ni ajọ naa maa ṣatilẹyin to yẹ fun ẹbi Maxim pẹlu owo ati pe awọn yoo ṣe iwadii naa bi o ti yẹ. O gba pe mimọ ootọ iṣẹlẹ yii yoo jẹ ki aato gidi wọ inu ere idaraya wọn gbogbo. Orilẹ-ede Amerika ni Dadashev n gbe to ti gba ami ẹyẹ mẹtala nibi ija mẹtala to ti bori sẹyin. Subriel Matias to jẹ ẹlẹṣẹ lati Puerto Rico lo ti na Maxim pupọ ni Maryland. McGirt to jẹ atọna rẹ ni oun n ni ko dẹkun ija nigba ti oun rii pe ọrọ fẹ maa bẹyin yọ. Ajọ RBF ni Russia ni o n rẹ Dadashev sii nigba ti awọn oniṣegun oyinbo ni nkan ti ṣe ọpọlọ rẹ. Lọjọ Iṣẹgun ni Maxim wa gbẹmi mi nigba ti ọkan re kọ iṣẹ lẹyin iṣẹ abẹ ti wọn ti ṣe fun un.
